AÑO;DEPARTAMENTO;MUNICIPIO;CODIGO_MUNICIPIO;HEMBRAS_CRIA_TRASPATIO;HEMBRAS_REEMPLAZO_TRASPATIO;MACHOS_REPRODUCTORES_TRASPATIO;PORCINOS_LEVANTE_Y_CEBA_TRASPATIO;TOTAL_CERDOS_TRASPATIO;TOTAL_PREDIOS_TRASPATIO;HEMBRAS_CRIA_COMERCIAL_FAMILIAR;HEMBRAS_REEMPLAZO_COMERCIAL_FAMILIAR;MACHOS_REPRODUCTORES_COMERCIAL_FAMILIAR;PORCINOS_LEVANTE_Y_CEBA_COMERCIAL_FAMILIAR;TOTAL_PORCINOS_COMERCIAL_FAMILIAR_2021;TOTAL_PREDIOS_PORCINOS_COMERCIAL_FAMILIAR;HEMBRAS_CRIA_COMERCIAL_INDUSTRIAL;HEMBRAS_REEMPLAZO_COMERCIAL_INDUSTRIAL;MACHOS_REPRODUCTORES_COMERCIAL_INDUSTRIAL;PORCINOS_LEVANTE_Y_CEBA_COMERCIAL_INDUSTRIAL;TOTAL_PORCINOS_COMERCIAL_INDUSTRIAL_2021;TOTAL_PREDIOS_PORCINOS_COMERCIAL_INDUSTRIAL;HEMBRAS_CRIA_TECNIFICADA;HEMBRAS_REEMPLAZO_TECNIFICADA;MACHOS_REPRODUCTORES_TECNIFICADA;PORCINOS_LEVANTE_Y_CEBA_TECNIFICADA;TOTAL_PORCINOS_TECNIFICADA;TOTAL_GRANJAS_PORCINAS_TECNIFICADAS;TOTAL_HEMBRAS_CRÍA;TOTAL_HEMBRAS_REEMPLAZO;TOTAL_MACHOS_REPRODUCTORES;TOTAL_LEVANTE_Y_CEBA;TOTAL_CERDOS;TOTAL_PREDIOS_PORCICOLAS
2018;ANTIOQUIA;ABEJORRAL;;;;;1194.0;300.0;50.0;100.0;35.0;10.0;;;;;;;;;;;;;;1339.0;12.0;;;;;1639.0;62.0
2018;ANTIOQUIA;ABRIAQUI;;;;;0.0;310.0;15.0;0.0;0.0;0.0;;;;;;;;;;;;;;0.0;0.0;;;;;310.0;15.0
2018;ANTIOQUIA;ALEJANDRIA;;;;;0.0;250.0;30.0;0.0;0.0;0.0;;;;;;;;;;;;;;0.0;0.0;;;;;250.0;30.0
2018;ANTIOQUIA;AMAGA;;;;;15624.0;753.0;120.0;1435.0;834.0;116.0;;;;;;;;;;;;;;18009.0;33.0;;;;;18762.0;153.0
2018;ANTIOQUIA;AMALFI;;;;;1010.0;1054.0;74.0;70.0;15.0;24.0;;;;;;;;;;;;;;1119.0;5.0;;;;;2173.0;79.0
2018;ANTIOQUIA;ANDES;;;;;13517.0;1234.0;97.0;625.0;245.0;62.0;;;;;;;;;;;;;;14449.0;10.0;;;;;15683.0;107.0
2018;ANTIOQUIA;ANGELOPOLIS;;;;;49609.0;750.0;42.0;1875.0;563.0;92.0;;;;;;;;;;;;;;52139.0;7.0;;;;;52889.0;49.0
2018;ANTIOQUIA;ANGOSTURA;;;;;28206.0;8765.0;215.0;1040.0;567.0;234.0;;;;;;;;;;;;;;30047.0;15.0;;;;;38812.0;230.0
2018;ANTIOQUIA;ANORI;;;;;0.0;320.0;75.0;0.0;0.0;0.0;;;;;;;;;;;;;;0.0;0.0;;;;;320.0;75.0
2018;ANTIOQUIA;ANZA;;;;;91.0;144.0;31.0;8.0;5.0;3.0;;;;;;;;;;;;;;107.0;3.0;;;;;251.0;34.0
2018;ANTIOQUIA;APARTADO;;;;;656.0;6342.0;329.0;25.0;5.0;2.0;;;;;;;;;;;;;;688.0;2.0;;;;;7030.0;331.0
2018;ANTIOQUIA;ARBOLETES;;;;;1054.0;7231.0;758.0;53.0;7.0;5.0;;;;;;;;;;;;;;1119.0;3.0;;;;;8350.0;761.0
2018;ANTIOQUIA;ARGELIA;;;;;0.0;145.0;37.0;0.0;0.0;0.0;;;;;;;;;;;;;;0.0;0.0;;;;;145.0;37.0
2018;ANTIOQUIA;ARMENIA;;;;;6555.0;320.0;53.0;231.0;65.0;25.0;;;;;;;;;;;;;;6876.0;9.0;;;;;7196.0;62.0
2018;ANTIOQUIA;BARBOSA;;;;;74949.0;1875.0;435.0;2546.0;1167.0;185.0;;;;;;;;;;;;;;78847.0;42.0;;;;;80722.0;477.0
2018;ANTIOQUIA;BELLO;;;;;27501.0;1432.0;123.0;1032.0;367.0;112.0;;;;;;;;;;;;;;29012.0;30.0;;;;;30444.0;153.0
2018;ANTIOQUIA;BELMIRA;;;;;6899.0;1123.0;62.0;321.0;98.0;32.0;;;;;;;;;;;;;;7350.0;32.0;;;;;8473.0;94.0
2018;ANTIOQUIA;BETANIA;;;;;8951.0;632.0;73.0;412.0;95.0;32.0;;;;;;;;;;;;;;9490.0;12.0;;;;;10122.0;85.0
2018;ANTIOQUIA;BETULIA;;;;;1205.0;3943.0;71.0;45.0;15.0;8.0;;;;;;;;;;;;;;1273.0;4.0;;;;;5216.0;75.0
2018;ANTIOQUIA;BRICEÑO;;;;;0.0;321.0;31.0;0.0;0.0;0.0;;;;;;;;;;;;;;0.0;0.0;;;;;321.0;31.0
2018;ANTIOQUIA;BURITICA;;;;;0.0;98.0;13.0;0.0;0.0;0.0;;;;;;;;;;;;;;0.0;0.0;;;;;98.0;13.0
2018;ANTIOQUIA;CACERES;;;;;2214.0;1346.0;379.0;42.0;3.0;13.0;;;;;;;;;;;;;;2272.0;5.0;;;;;3618.0;384.0
2018;ANTIOQUIA;CAICEDO;;;;;0.0;432.0;29.0;0.0;0.0;0.0;;;;;;;;;;;;;;0.0;0.0;;;;;432.0;29.0
2018;ANTIOQUIA;CALDAS;;;;;52728.0;1321.0;175.0;2132.0;564.0;141.0;;;;;;;;;;;;;;55565.0;24.0;;;;;56886.0;199.0
2018;ANTIOQUIA;CAMPAMENTO;;;;;104.0;350.0;38.0;5.0;1.0;1.0;;;;;;;;;;;;;;111.0;2.0;;;;;461.0;40.0
2018;ANTIOQUIA;CAÑASGORDAS;;;;;2197.0;832.0;212.0;103.0;34.0;8.0;;;;;;;;;;;;;;2342.0;6.0;;;;;3174.0;218.0
2018;ANTIOQUIA;CARACOLI;;;;;470.0;150.0;65.0;18.0;4.0;3.0;;;;;;;;;;;;;;495.0;4.0;;;;;645.0;69.0
2018;ANTIOQUIA;CARAMANTA;;;;;2120.0;452.0;45.0;71.0;22.0;8.0;;;;;;;;;;;;;;2221.0;4.0;;;;;2673.0;49.0
2018;ANTIOQUIA;CAREPA;;;;;1054.0;3765.0;169.0;43.0;15.0;9.0;;;;;;;;;;;;;;1121.0;3.0;;;;;4886.0;172.0
2018;ANTIOQUIA;CAROLINA;;;;;4624.0;1051.0;92.0;260.0;54.0;17.0;;;;;;;;;;;;;;4955.0;11.0;;;;;6006.0;103.0
2018;ANTIOQUIA;CAUCASIA;;;;;780.0;4187.0;413.0;236.0;45.0;34.0;;;;;;;;;;;;;;1095.0;9.0;;;;;5282.0;422.0
2018;ANTIOQUIA;CHIGORODO;;;;;874.0;4732.0;201.0;386.0;21.0;7.0;;;;;;;;;;;;;;1288.0;3.0;;;;;6020.0;204.0
2018;ANTIOQUIA;CISNEROS;;;;;227.0;2561.0;43.0;22.0;12.0;3.0;;;;;;;;;;;;;;264.0;2.0;;;;;2825.0;45.0
2018;ANTIOQUIA;CIUDAD BOLIVAR;;;;;1893.0;543.0;156.0;69.0;23.0;5.0;;;;;;;;;;;;;;1990.0;6.0;;;;;2533.0;162.0
2018;ANTIOQUIA;COCORNA;;;;;491.0;195.0;187.0;54.0;10.0;5.0;;;;;;;;;;;;;;560.0;4.0;;;;;755.0;191.0
2018;ANTIOQUIA;CONCEPCION;;;;;883.0;578.0;63.0;32.0;9.0;4.0;;;;;;;;;;;;;;928.0;3.0;;;;;1506.0;66.0
2018;ANTIOQUIA;CONCORDIA;;;;;43875.0;7432.0;157.0;1675.0;237.0;54.0;;;;;;;;;;;;;;45841.0;23.0;;;;;53273.0;180.0
2018;ANTIOQUIA;COPACABANA;;;;;4476.0;865.0;123.0;231.0;45.0;14.0;;;;;;;;;;;;;;4766.0;7.0;;;;;5631.0;130.0
2018;ANTIOQUIA;DABEIBA;;;;;173.0;301.0;49.0;12.0;2.0;2.0;;;;;;;;;;;;;;189.0;2.0;;;;;490.0;51.0
2018;ANTIOQUIA;DONMATIAS;;;;;177783.0;4367.0;73.0;6321.0;1869.0;678.0;;;;;;;;;;;;;;186651.0;493.0;;;;;191018.0;566.0
2018;ANTIOQUIA;EBEJICO;;;;;136826.0;2400.0;124.0;7832.0;1232.0;142.0;;;;;;;;;;;;;;146032.0;16.0;;;;;148432.0;140.0
2018;ANTIOQUIA;EL BAGRE;;;;;660.0;378.0;43.0;100.0;150.0;4.0;;;;;;;;;;;;;;914.0;2.0;;;;;1292.0;45.0
2018;ANTIOQUIA;EL CARMEN DE VIBORAL;;;;;2770.0;932.0;64.0;201.0;42.0;17.0;;;;;;;;;;;;;;3030.0;12.0;;;;;3962.0;76.0
2018;ANTIOQUIA;EL SANTUARIO;;;;;7467.0;1876.0;137.0;396.0;85.0;32.0;;;;;;;;;;;;;;7980.0;13.0;;;;;9856.0;150.0
2018;ANTIOQUIA;ENTRERRIOS;;;;;37158.0;3845.0;76.0;3254.0;1336.0;334.0;;;;;;;;;;;;;;42082.0;109.0;;;;;45927.0;185.0
2018;ANTIOQUIA;ENVIGADO;;;;;22696.0;4532.0;43.0;654.0;111.0;35.0;;;;;;;;;;;;;;23496.0;15.0;;;;;28028.0;58.0
2018;ANTIOQUIA;FREDONIA;;;;;32440.0;2943.0;162.0;2678.0;523.0;178.0;;;;;;;;;;;;;;35819.0;32.0;;;;;38762.0;194.0
2018;ANTIOQUIA;FRONTINO;;;;;3266.0;432.0;89.0;187.0;67.0;15.0;;;;;;;;;;;;;;3535.0;7.0;;;;;3967.0;96.0
2018;ANTIOQUIA;GIRALDO;;;;;0.0;154.0;7.0;0.0;0.0;0.0;;;;;;;;;;;;;;0.0;0.0;;;;;154.0;7.0
2018;ANTIOQUIA;GIRARDOTA;;;;;27101.0;456.0;298.0;1918.0;356.0;158.0;;;;;;;;;;;;;;29533.0;39.0;;;;;29989.0;337.0
2018;ANTIOQUIA;GOMEZ PLATA;;;;;15205.0;4213.0;109.0;875.0;112.0;35.0;;;;;;;;;;;;;;16227.0;17.0;;;;;20440.0;126.0
2018;ANTIOQUIA;GRANADA;;;;;306.0;942.0;37.0;12.0;3.0;2.0;;;;;;;;;;;;;;323.0;3.0;;;;;1265.0;40.0
2018;ANTIOQUIA;GUADALUPE;;;;;101.0;243.0;21.0;4.0;1.0;1.0;;;;;;;;;;;;;;107.0;2.0;;;;;350.0;23.0
2018;ANTIOQUIA;GUARNE;;;;;22947.0;8591.0;215.0;1217.0;188.0;37.0;;;;;;;;;;;;;;24389.0;32.0;;;;;32980.0;247.0
2018;ANTIOQUIA;GUATAPE;;;;;231.0;724.0;32.0;15.0;5.0;2.0;;;;;;;;;;;;;;253.0;3.0;;;;;977.0;35.0
2018;ANTIOQUIA;HELICONIA;;;;;2682.0;3895.0;43.0;67.0;15.0;8.0;;;;;;;;;;;;;;2772.0;8.0;;;;;6667.0;51.0
2018;ANTIOQUIA;HISPANIA;;;;;2298.0;1582.0;28.0;107.0;43.0;8.0;;;;;;;;;;;;;;2456.0;4.0;;;;;4038.0;32.0
2018;ANTIOQUIA;ITAGUI;;;;;46.0;358.0;21.0;3.0;1.0;1.0;;;;;;;;;;;;;;51.0;2.0;;;;;409.0;23.0
2018;ANTIOQUIA;ITUANGO;;;;;0.0;832.0;95.0;0.0;0.0;0.0;;;;;;;;;;;;;;0.0;0.0;;;;;832.0;95.0
2018;ANTIOQUIA;JARDIN;;;;;2655.0;1762.0;169.0;121.0;14.0;9.0;;;;;;;;;;;;;;2799.0;4.0;;;;;4561.0;173.0
2018;ANTIOQUIA;JERICO;;;;;32829.0;7452.0;132.0;2063.0;207.0;112.0;;;;;;;;;;;;;;35211.0;15.0;;;;;42663.0;147.0
2018;ANTIOQUIA;LA CEJA;;;;;16679.0;1131.0;111.0;1025.0;155.0;56.0;;;;;;;;;;;;;;17915.0;12.0;;;;;19046.0;123.0
2018;ANTIOQUIA;LA ESTRELLA;;;;;458.0;531.0;29.0;21.0;9.0;4.0;;;;;;;;;;;;;;492.0;4.0;;;;;1023.0;33.0
2018;ANTIOQUIA;LA PINTADA;;;;;46.0;952.0;27.0;5.0;1.0;1.0;;;;;;;;;;;;;;53.0;2.0;;;;;1005.0;29.0
2018;ANTIOQUIA;LA UNION;;;;;2751.0;541.0;75.0;217.0;98.0;14.0;;;;;;;;;;;;;;3080.0;12.0;;;;;3621.0;87.0
2018;ANTIOQUIA;LIBORINA;;;;;1885.0;961.0;62.0;123.0;41.0;14.0;;;;;;;;;;;;;;2063.0;6.0;;;;;3024.0;68.0
2018;ANTIOQUIA;MACEO;;;;;715.0;1231.0;69.0;43.0;13.0;9.0;;;;;;;;;;;;;;780.0;2.0;;;;;2011.0;71.0
2018;ANTIOQUIA;MARINILLA;;;;;23495.0;6523.0;241.0;1435.0;321.0;47.0;;;;;;;;;;;;;;25298.0;17.0;;;;;31821.0;258.0
2018;ANTIOQUIA;MEDELLIN;;;;;147720.0;5421.0;461.0;7623.0;2321.0;609.0;;;;;;;;;;;;;;158273.0;82.0;;;;;163694.0;543.0
2018;ANTIOQUIA;MONTEBELLO;;;;;131.0;462.0;32.0;9.0;3.0;2.0;;;;;;;;;;;;;;145.0;2.0;;;;;607.0;34.0
2018;ANTIOQUIA;MURINDO;;;;;0.0;287.0;32.0;0.0;0.0;0.0;;;;;;;;;;;;;;0.0;0.0;;;;;287.0;32.0
2018;ANTIOQUIA;MUTATA;;;;;1439.0;4278.0;356.0;70.0;25.0;9.0;;;;;;;;;;;;;;1543.0;4.0;;;;;5821.0;360.0
2018;ANTIOQUIA;NARIÑO;;;;;0.0;975.0;93.0;0.0;0.0;0.0;;;;;;;;;;;;;;0.0;0.0;;;;;975.0;93.0
2018;ANTIOQUIA;NECHI;;;;;0.0;2521.0;183.0;0.0;0.0;0.0;;;;;;;;;;;;;;0.0;0.0;;;;;2521.0;183.0
2018;ANTIOQUIA;NECOCLI;;;;;0.0;4201.0;275.0;0.0;0.0;0.0;;;;;;;;;;;;;;0.0;0.0;;;;;4201.0;275.0
2018;ANTIOQUIA;OLAYA;;;;;0.0;157.0;116.0;0.0;0.0;0.0;;;;;;;;;;;;;;0.0;0.0;;;;;157.0;116.0
2018;ANTIOQUIA;PEÑOL;;;;;756.0;3141.0;142.0;52.0;15.0;8.0;;;;;;;;;;;;;;831.0;9.0;;;;;3972.0;151.0
2018;ANTIOQUIA;PEQUE;;;;;0.0;231.0;32.0;0.0;0.0;0.0;;;;;;;;;;;;;;0.0;0.0;;;;;231.0;32.0
2018;ANTIOQUIA;PUEBLORRICO;;;;;0.0;511.0;52.0;0.0;0.0;0.0;;;;;;;;;;;;;;0.0;0.0;;;;;511.0;52.0
2018;ANTIOQUIA;PUERTO BERRIO;;;;;2033.0;1238.0;219.0;325.0;168.0;45.0;;;;;;;;;;;;;;2571.0;7.0;;;;;3809.0;226.0
2018;ANTIOQUIA;PUERTO NARE;;;;;90.0;784.0;58.0;5.0;2.0;1.0;;;;;;;;;;;;;;98.0;3.0;;;;;882.0;61.0
2018;ANTIOQUIA;PUERTO TRIUNFO;;;;;125.0;1431.0;57.0;9.0;3.0;2.0;;;;;;;;;;;;;;139.0;1.0;;;;;1570.0;58.0
2018;ANTIOQUIA;REMEDIOS;;;;;780.0;1112.0;62.0;53.0;19.0;7.0;;;;;;;;;;;;;;859.0;2.0;;;;;1971.0;64.0
2018;ANTIOQUIA;RETIRO;;;;;13165.0;1678.0;98.0;649.0;256.0;20.0;;;;;;;;;;;;;;14090.0;14.0;;;;;15768.0;112.0
2018;ANTIOQUIA;RIONEGRO;;;;;22634.0;5438.0;172.0;1327.0;236.0;63.0;;;;;;;;;;;;;;24260.0;25.0;;;;;29698.0;197.0
2018;ANTIOQUIA;SABANALARGA;;;;;123.0;127.0;25.0;19.0;5.0;3.0;;;;;;;;;;;;;;150.0;2.0;;;;;277.0;27.0
2018;ANTIOQUIA;SABANETA;;;;;0.0;195.0;16.0;0.0;0.0;0.0;;;;;;;;;;;;;;0.0;0.0;;;;;195.0;16.0
2018;ANTIOQUIA;SALGAR;;;;;6661.0;3548.0;112.0;351.0;173.0;18.0;;;;;;;;;;;;;;7203.0;10.0;;;;;10751.0;122.0
2018;ANTIOQUIA;SAN ANDRES DE CUERQUIA;;;;;69.0;432.0;40.0;10.0;5.0;1.0;;;;;;;;;;;;;;85.0;3.0;;;;;517.0;43.0
2018;ANTIOQUIA;SAN CARLOS;;;;;338.0;232.0;97.0;11.0;3.0;2.0;;;;;;;;;;;;;;354.0;2.0;;;;;586.0;99.0
2018;ANTIOQUIA;SAN FRANCISCO;;;;;0.0;216.0;35.0;0.0;0.0;0.0;;;;;;;;;;;;;;0.0;0.0;;;;;216.0;35.0
2018;ANTIOQUIA;SAN JERONIMO;;;;;66.0;932.0;62.0;5.0;1.0;1.0;;;;;;;;;;;;;;73.0;2.0;;;;;1005.0;64.0
2018;ANTIOQUIA;SAN JOSE DE LA MONTAÑA;;;;;786.0;1023.0;52.0;43.0;9.0;2.0;;;;;;;;;;;;;;840.0;4.0;;;;;1863.0;56.0
2018;ANTIOQUIA;SAN JUAN DE URABA;;;;;0.0;2142.0;295.0;0.0;0.0;0.0;;;;;;;;;;;;;;0.0;0.0;;;;;2142.0;295.0
2018;ANTIOQUIA;SAN LUIS;;;;;77.0;795.0;295.0;5.0;3.0;1.0;;;;;;;;;;;;;;86.0;2.0;;;;;881.0;297.0
2018;ANTIOQUIA;SAN PEDRO DE LOS MILAGROS;;;;;50266.0;12315.0;532.0;2186.0;423.0;382.0;;;;;;;;;;;;;;53257.0;45.0;;;;;65572.0;577.0
2018;ANTIOQUIA;SAN PEDRO DE URABA;;;;;0.0;3879.0;397.0;0.0;0.0;0.0;;;;;;;;;;;;;;0.0;0.0;;;;;3879.0;397.0
2018;ANTIOQUIA;SAN RAFAEL;;;;;471.0;2341.0;137.0;32.0;11.0;3.0;;;;;;;;;;;;;;517.0;3.0;;;;;2858.0;140.0
2018;ANTIOQUIA;SAN ROQUE;;;;;8917.0;2875.0;85.0;672.0;231.0;43.0;;;;;;;;;;;;;;9863.0;25.0;;;;;12738.0;110.0
2018;ANTIOQUIA;SAN VICENTE FERRER;;;;;2757.0;600.0;95.0;325.0;86.0;15.0;;;;;;;;;;;;;;3183.0;5.0;;;;;3783.0;100.0
2018;ANTIOQUIA;SANTA BARBARA;;;;;20780.0;6832.0;367.0;941.0;459.0;27.0;;;;;;;;;;;;;;22207.0;23.0;;;;;29039.0;390.0
2018;ANTIOQUIA;SANTAFE DE ANTIOQUIA;;;;;0.0;364.0;32.0;0.0;0.0;0.0;;;;;;;;;;;;;;0.0;0.0;;;;;364.0;32.0
2018;ANTIOQUIA;SANTA ROSA DE OSOS;;;;;100729.0;12367.0;351.0;6521.0;1654.0;395.0;;;;;;;;;;;;;;109299.0;182.0;;;;;121666.0;533.0
2018;ANTIOQUIA;SANTO DOMINGO;;;;;65315.0;5906.0;112.0;3769.0;921.0;346.0;;;;;;;;;;;;;;70351.0;13.0;;;;;76257.0;125.0
2018;ANTIOQUIA;SEGOVIA;;;;;0.0;421.0;63.0;0.0;0.0;0.0;;;;;;;;;;;;;;0.0;0.0;;;;;421.0;63.0
2018;ANTIOQUIA;SONSON;;;;;1641.0;80.0;80.0;268.0;34.0;25.0;;;;;;;;;;;;;;1968.0;3.0;;;;;2048.0;83.0
2018;ANTIOQUIA;SOPETRAN;;;;;146.0;632.0;156.0;9.0;2.0;1.0;;;;;;;;;;;;;;158.0;2.0;;;;;790.0;158.0
2018;ANTIOQUIA;TAMESIS;;;;;46836.0;333.0;333.0;2876.0;689.0;64.0;;;;;;;;;;;;;;50465.0;3.0;;;;;50798.0;336.0
2018;ANTIOQUIA;TARAZA;;;;;0.0;2135.0;127.0;0.0;0.0;0.0;;;;;;;;;;;;;;0.0;0.0;;;;;2135.0;127.0
2018;ANTIOQUIA;TARSO;;;;;456.0;234.0;29.0;0.0;0.0;0.0;;;;;;;;;;;;;;456.0;1.0;;;;;690.0;30.0
2018;ANTIOQUIA;TITIRIBI;;;;;1297.0;1939.0;100.0;32.0;32.0;34.0;;;;;;;;;;;;;;1395.0;5.0;;;;;3334.0;105.0
2018;ANTIOQUIA;TOLEDO;;;;;0.0;278.0;90.0;0.0;0.0;0.0;;;;;;;;;;;;;;0.0;0.0;;;;;278.0;90.0
2018;ANTIOQUIA;TURBO;;;;;921.0;7543.0;498.0;32.0;11.0;4.0;;;;;;;;;;;;;;968.0;4.0;;;;;8511.0;502.0
2018;ANTIOQUIA;URAMITA;;;;;0.0;365.0;23.0;0.0;0.0;0.0;;;;;;;;;;;;;;0.0;0.0;;;;;365.0;23.0
2018;ANTIOQUIA;URRAO;;;;;7177.0;5421.0;543.0;231.0;53.0;17.0;;;;;;;;;;;;;;7478.0;14.0;;;;;12899.0;557.0
2018;ANTIOQUIA;VALDIVIA;;;;;120.0;1824.0;220.0;7.0;0.0;4.0;;;;;;;;;;;;;;131.0;1.0;;;;;1955.0;221.0
2018;ANTIOQUIA;VALPARAISO;;;;;5590.0;400.0;56.0;251.0;14.0;8.0;;;;;;;;;;;;;;5863.0;3.0;;;;;6263.0;59.0
2018;ANTIOQUIA;VEGACHI;;;;;532.0;1432.0;176.0;31.0;11.0;4.0;;;;;;;;;;;;;;578.0;4.0;;;;;2010.0;180.0
2018;ANTIOQUIA;VENECIA;;;;;1771.0;1232.0;52.0;63.0;12.0;5.0;;;;;;;;;;;;;;1851.0;3.0;;;;;3083.0;55.0
2018;ANTIOQUIA;VIGIA DEL FUERTE;;;;;0.0;252.0;23.0;0.0;0.0;0.0;;;;;;;;;;;;;;0.0;0.0;;;;;252.0;23.0
2018;ANTIOQUIA;YALI;;;;;0.0;1268.0;64.0;0.0;0.0;0.0;;;;;;;;;;;;;;0.0;0.0;;;;;1268.0;64.0
2018;ANTIOQUIA;YARUMAL;;;;;39806.0;1160.0;421.0;2763.0;567.0;212.0;;;;;;;;;;;;;;43348.0;39.0;;;;;44508.0;460.0
2018;ANTIOQUIA;YOLOMBO;;;;;13700.0;800.0;178.0;1238.0;548.0;98.0;;;;;;;;;;;;;;15584.0;15.0;;;;;16384.0;193.0
2018;ANTIOQUIA;YONDO;;;;;0.0;1155.0;57.0;0.0;0.0;0.0;;;;;;;;;;;;;;0.0;0.0;;;;;1155.0;57.0
2018;ANTIOQUIA;ZARAGOZA;;;;;0.0;572.0;83.0;0.0;0.0;0.0;;;;;;;;;;;;;;0.0;0.0;;;;;572.0;83.0
2022;ANTIOQUIA;ABEJORRAL;5002.0;0.0;0.0;0.0;36.0;36.0;4.0;16.0;7.0;2.0;164.0;189.0;4.0;51.0;10.0;1.0;1020.0;1082.0;2.0;0.0;0.0;0.0;0.0;0.0;0.0;67.0;17.0;3.0;1220.0;1307.0;10.0
2022;ANTIOQUIA;ABRIAQUI;5004.0;4.0;1.0;0.0;46.0;51.0;4.0;8.0;0.0;2.0;72.0;82.0;2.0;0.0;0.0;0.0;0.0;0.0;0.0;0.0;0.0;0.0;0.0;0.0;0.0;12.0;1.0;2.0;118.0;133.0;6.0
2022;ANTIOQUIA;ALEJANDRIA;5021.0;0.0;0.0;0.0;0.0;0.0;0.0;0.0;0.0;0.0;80.0;80.0;3.0;0.0;0.0;0.0;0.0;0.0;0.0;0.0;0.0;0.0;0.0;0.0;0.0;0.0;0.0;0.0;80.0;80.0;3.0
2022;ANTIOQUIA;AMAGA;5030.0;2.0;0.0;0.0;52.0;54.0;5.0;46.0;13.0;1.0;485.0;545.0;12.0;273.0;37.0;9.0;5835.0;6154.0;13.0;635.0;196.0;17.0;14427.0;15275.0;5.0;956.0;246.0;27.0;20799.0;22028.0;35.0
2022;ANTIOQUIA;AMALFI;5031.0;12.0;2.0;1.0;253.0;268.0;40.0;122.0;1.0;15.0;1332.0;1470.0;39.0;109.0;10.0;9.0;2180.0;2308.0;7.0;0.0;0.0;0.0;0.0;0.0;0.0;243.0;13.0;25.0;3765.0;4046.0;86.0
2022;ANTIOQUIA;ANDES;5034.0;0.0;0.0;0.0;0.0;0.0;0.0;16.0;2.0;0.0;192.0;210.0;6.0;212.0;2.0;5.0;4240.0;4459.0;5.0;520.0;107.0;10.0;11813.0;12450.0;5.0;748.0;111.0;15.0;16245.0;17119.0;16.0
2022;ANTIOQUIA;ANGELOPOLIS;5036.0;2.0;2.0;0.0;14.0;18.0;1.0;2.0;0.0;0.0;178.0;180.0;5.0;44.0;2.0;2.0;880.0;928.0;4.0;1560.0;2.0;28.0;35443.0;37033.0;2.0;1608.0;6.0;30.0;36515.0;38159.0;12.0
2022;ANTIOQUIA;ANGOSTURA;5038.0;2.0;0.0;0.0;83.0;85.0;14.0;2.0;0.0;0.0;162.0;164.0;7.0;26.0;6.0;3.0;935.0;970.0;4.0;427.0;116.0;1.0;9701.0;10245.0;1.0;457.0;122.0;4.0;10881.0;11464.0;26.0
2022;ANTIOQUIA;ANORI;5040.0;73.0;33.0;28.0;1449.0;1583.0;293.0;126.0;16.0;14.0;1351.0;1507.0;36.0;23.0;2.0;1.0;460.0;486.0;2.0;0.0;0.0;0.0;0.0;0.0;0.0;222.0;51.0;43.0;3260.0;3576.0;331.0
2022;ANTIOQUIA;ANZA;5044.0;0.0;0.0;0.0;0.0;0.0;0.0;24.0;12.0;2.0;290.0;328.0;7.0;26.0;35.0;2.0;520.0;583.0;2.0;0.0;0.0;0.0;0.0;0.0;0.0;50.0;47.0;4.0;810.0;911.0;9.0
2022;ANTIOQUIA;APARTADO;5045.0;120.0;18.0;38.0;3181.0;3357.0;467.0;324.0;25.0;46.0;3835.0;4230.0;122.0;144.0;10.0;13.0;3131.0;3298.0;8.0;0.0;0.0;0.0;0.0;0.0;0.0;588.0;53.0;97.0;10147.0;10885.0;597.0
2022;ANTIOQUIA;ARBOLETES;5051.0;296.0;87.0;46.0;2637.0;3066.0;495.0;136.0;7.0;20.0;1240.0;1403.0;36.0;17.0;0.0;1.0;340.0;358.0;1.0;0.0;0.0;0.0;0.0;0.0;0.0;449.0;94.0;67.0;4217.0;4827.0;532.0
2022;ANTIOQUIA;ARGELIA;5055.0;3.0;3.0;1.0;21.0;28.0;2.0;7.0;5.0;3.0;123.0;138.0;4.0;0.0;0.0;0.0;0.0;0.0;0.0;0.0;0.0;0.0;0.0;0.0;0.0;10.0;8.0;4.0;144.0;166.0;6.0
2022;ANTIOQUIA;ARMENIA;5059.0;0.0;0.0;0.0;0.0;0.0;0.0;2.0;0.0;0.0;18.0;20.0;1.0;56.0;26.0;3.0;1120.0;1205.0;2.0;299.0;87.0;20.0;6793.0;7199.0;5.0;357.0;113.0;23.0;7931.0;8424.0;8.0
2022;ANTIOQUIA;BARBOSA;5079.0;0.0;0.0;0.0;5.0;5.0;1.0;65.0;10.0;7.0;1042.0;1124.0;23.0;575.0;58.0;25.0;12270.0;12928.0;29.0;5690.0;944.0;75.0;130701.0;137410.0;16.0;6330.0;1012.0;107.0;144018.0;151467.0;69.0
2022;ANTIOQUIA;BELLO;5088.0;0.0;0.0;0.0;5.0;5.0;2.0;4.0;0.0;1.0;516.0;521.0;13.0;537.0;83.0;19.0;12840.0;13479.0;27.0;1500.0;245.0;18.0;35080.0;36843.0;7.0;2041.0;328.0;38.0;48441.0;50848.0;49.0
2022;ANTIOQUIA;BELMIRA;5086.0;0.0;0.0;0.0;0.0;0.0;0.0;0.0;0.0;0.0;201.0;201.0;6.0;0.0;0.0;0.0;675.0;675.0;3.0;625.0;20.0;7.0;14200.0;14852.0;2.0;625.0;20.0;7.0;15076.0;15728.0;11.0
2022;ANTIOQUIA;BETANIA;5091.0;3.0;8.0;0.0;46.0;57.0;6.0;0.0;0.0;0.0;90.0;90.0;1.0;16.0;6.0;0.0;320.0;342.0;1.0;495.0;100.0;11.0;11247.0;11853.0;2.0;514.0;114.0;11.0;11703.0;12342.0;10.0
2022;ANTIOQUIA;BETULIA;5093.0;2.0;0.0;0.0;14.0;16.0;1.0;4.0;0.0;0.0;52.0;56.0;2.0;1.0;5.0;0.0;170.0;176.0;2.0;180.0;15.0;3.0;4090.0;4288.0;1.0;187.0;20.0;3.0;4326.0;4536.0;6.0
2022;ANTIOQUIA;BRICEÑO;5107.0;8.0;0.0;1.0;68.0;77.0;10.0;46.0;0.0;1.0;414.0;461.0;10.0;2.0;0.0;0.0;40.0;42.0;1.0;0.0;0.0;0.0;0.0;0.0;0.0;56.0;0.0;2.0;522.0;580.0;21.0
2022;ANTIOQUIA;BURITICA;5113.0;2.0;0.0;1.0;14.0;17.0;1.0;17.0;2.0;3.0;153.0;175.0;5.0;50.0;2.0;5.0;1000.0;1057.0;3.0;0.0;0.0;0.0;0.0;0.0;0.0;69.0;4.0;9.0;1167.0;1249.0;9.0
2022;ANTIOQUIA;CACERES;5120.0;187.0;16.0;28.0;1993.0;2224.0;324.0;193.0;10.0;26.0;2033.0;2262.0;63.0;138.0;4.0;11.0;3257.0;3410.0;6.0;0.0;0.0;0.0;0.0;0.0;0.0;518.0;30.0;65.0;7283.0;7896.0;393.0
2022;ANTIOQUIA;CAICEDO;5125.0;2.0;2.0;1.0;14.0;19.0;1.0;11.0;6.0;1.0;145.0;163.0;6.0;12.0;0.0;1.0;240.0;253.0;1.0;0.0;0.0;0.0;0.0;0.0;0.0;25.0;8.0;3.0;399.0;435.0;8.0
2022;ANTIOQUIA;CALDAS;5129.0;0.0;0.0;0.0;0.0;0.0;0.0;16.0;1.0;1.0;244.0;262.0;6.0;291.0;30.0;10.0;6095.0;6426.0;10.0;3180.0;400.0;44.0;72249.0;75873.0;11.0;3487.0;431.0;55.0;78588.0;82561.0;27.0
2022;ANTIOQUIA;CAMPAMENTO;5134.0;17.0;7.0;1.0;215.0;240.0;31.0;20.0;4.0;4.0;236.0;264.0;8.0;13.0;0.0;1.0;260.0;274.0;1.0;0.0;0.0;0.0;0.0;0.0;0.0;50.0;11.0;6.0;711.0;778.0;40.0
2022;ANTIOQUIA;CARACOLI;5142.0;6.0;2.0;1.0;69.0;78.0;11.0;24.0;3.0;5.0;271.0;303.0;7.0;35.0;3.0;4.0;700.0;742.0;3.0;0.0;0.0;0.0;0.0;0.0;0.0;65.0;8.0;10.0;1040.0;1123.0;21.0
2022;ANTIOQUIA;CARAMANTA;5145.0;0.0;0.0;0.0;15.0;15.0;3.0;3.0;0.0;0.0;59.0;62.0;3.0;30.0;0.0;0.0;600.0;630.0;1.0;100.0;0.0;1.0;2272.0;2373.0;1.0;133.0;0.0;1.0;2946.0;3080.0;8.0
2022;ANTIOQUIA;CAREPA;5147.0;60.0;10.0;7.0;777.0;854.0;138.0;113.0;24.0;19.0;1142.0;1298.0;32.0;149.0;17.0;17.0;2980.0;3163.0;11.0;0.0;0.0;0.0;0.0;0.0;0.0;322.0;51.0;43.0;4899.0;5315.0;181.0
2022;ANTIOQUIA;CAROLINA;5150.0;0.0;0.0;0.0;13.0;13.0;3.0;0.0;0.0;0.0;77.0;77.0;3.0;22.0;0.0;0.0;572.0;594.0;2.0;550.0;50.0;6.0;18321.0;18927.0;3.0;572.0;50.0;6.0;18983.0;19611.0;11.0
2022;ANTIOQUIA;CAUCASIA;5154.0;144.0;42.0;21.0;1311.0;1518.0;223.0;267.0;43.0;50.0;2403.0;2763.0;72.0;149.0;5.0;21.0;2980.0;3155.0;10.0;0.0;0.0;0.0;0.0;0.0;0.0;560.0;90.0;92.0;6694.0;7436.0;305.0
2022;ANTIOQUIA;CAÑASGORDAS;5138.0;53.0;18.0;7.0;634.0;712.0;100.0;107.0;21.0;8.0;1130.0;1266.0;31.0;44.0;8.0;4.0;880.0;936.0;4.0;0.0;0.0;0.0;0.0;0.0;0.0;204.0;47.0;19.0;2644.0;2914.0;135.0
2022;ANTIOQUIA;CHIGORODO;5172.0;215.0;98.0;14.0;1800.0;2127.0;230.0;306.0;67.0;31.0;2809.0;3213.0;78.0;188.0;41.0;16.0;3760.0;4005.0;8.0;143.0;5.0;6.0;3249.0;3403.0;1.0;852.0;211.0;67.0;11618.0;12748.0;317.0
2022;ANTIOQUIA;CISNEROS;5190.0;1.0;0.0;0.0;16.0;17.0;3.0;4.0;0.0;0.0;72.0;76.0;2.0;65.0;20.0;2.0;1300.0;1387.0;1.0;94.0;17.0;2.0;2136.0;2249.0;1.0;164.0;37.0;4.0;3524.0;3729.0;7.0
2022;ANTIOQUIA;CIUDAD BOLIVAR;5101.0;13.0;6.0;0.0;275.0;294.0;44.0;70.0;4.0;3.0;880.0;957.0;28.0;86.0;26.0;8.0;1720.0;1840.0;6.0;0.0;0.0;0.0;0.0;0.0;0.0;169.0;36.0;11.0;2875.0;3091.0;78.0
2022;ANTIOQUIA;COCORNA;5197.0;27.0;8.0;8.0;312.0;355.0;47.0;115.0;14.0;16.0;1215.0;1360.0;28.0;31.0;2.0;4.0;620.0;657.0;3.0;90.0;10.0;2.0;2045.0;2147.0;1.0;263.0;34.0;30.0;4192.0;4519.0;79.0
2022;ANTIOQUIA;CONCEPCION;5206.0;2.0;1.0;1.0;45.0;49.0;4.0;16.0;2.0;2.0;174.0;194.0;4.0;0.0;0.0;0.0;0.0;0.0;0.0;0.0;0.0;0.0;0.0;0.0;0.0;18.0;3.0;3.0;219.0;243.0;8.0
2022;ANTIOQUIA;CONCORDIA;5209.0;0.0;0.0;0.0;0.0;0.0;0.0;0.0;0.0;0.0;50.0;50.0;1.0;142.0;12.0;4.0;2840.0;2998.0;3.0;3237.0;653.0;32.0;73544.0;77466.0;7.0;3379.0;665.0;36.0;76434.0;80514.0;11.0
2022;ANTIOQUIA;COPACABANA;5212.0;0.0;0.0;0.0;0.0;0.0;0.0;15.0;2.0;0.0;235.0;252.0;6.0;337.0;117.0;20.0;6840.0;7314.0;17.0;362.0;97.0;6.0;9225.0;9690.0;3.0;714.0;216.0;26.0;16300.0;17256.0;26.0
2022;ANTIOQUIA;DABEIBA;5234.0;4.0;0.0;1.0;28.0;33.0;3.0;12.0;4.0;1.0;133.0;150.0;3.0;12.0;0.0;1.0;240.0;253.0;1.0;0.0;0.0;0.0;0.0;0.0;0.0;28.0;4.0;3.0;401.0;436.0;7.0
2022;ANTIOQUIA;DONMATIAS;5237.0;0.0;50.0;0.0;0.0;50.0;1.0;15.0;0.0;0.0;1085.0;1100.0;29.0;250.0;60.0;10.0;14460.0;14780.0;45.0;6917.0;492.0;56.0;171637.0;179102.0;40.0;7182.0;602.0;66.0;187182.0;195032.0;115.0
2022;ANTIOQUIA;EBEJICO;5240.0;18.0;1.0;0.0;207.0;226.0;24.0;136.0;12.0;2.0;1417.0;1567.0;46.0;150.0;26.0;8.0;3000.0;3184.0;5.0;7570.0;1370.0;148.0;171990.0;181078.0;2.0;7874.0;1409.0;158.0;176614.0;186055.0;77.0
2022;ANTIOQUIA;EL BAGRE;5250.0;2.0;5.0;1.0;85.0;93.0;15.0;15.0;9.0;5.0;156.0;185.0;7.0;0.0;0.0;0.0;127.0;127.0;1.0;93.0;29.0;2.0;2113.0;2237.0;1.0;110.0;43.0;8.0;2481.0;2642.0;24.0
2022;ANTIOQUIA;EL CARMEN DE VIBORAL;5148.0;0.0;0.0;0.0;10.0;10.0;1.0;12.0;2.0;2.0;108.0;124.0;4.0;39.0;30.0;4.0;780.0;853.0;2.0;0.0;0.0;0.0;0.0;0.0;0.0;51.0;32.0;6.0;898.0;987.0;7.0
2022;ANTIOQUIA;EL SANTUARIO;5697.0;4.0;0.0;1.0;46.0;51.0;6.0;27.0;1.0;3.0;338.0;369.0;6.0;44.0;2.0;4.0;880.0;930.0;2.0;620.0;65.0;6.0;14086.0;14777.0;4.0;695.0;68.0;14.0;15350.0;16127.0;18.0
2022;ANTIOQUIA;ENTRERRIOS;5264.0;0.0;350.0;300.0;68.0;718.0;11.0;5.0;0.0;0.0;781.0;786.0;24.0;0.0;0.0;0.0;2164.0;2164.0;7.0;2280.0;153.0;21.0;52501.0;54955.0;9.0;2285.0;503.0;321.0;55514.0;58623.0;51.0
2022;ANTIOQUIA;ENVIGADO;5266.0;0.0;0.0;0.0;0.0;0.0;0.0;4.0;0.0;0.0;86.0;90.0;3.0;12.0;10.0;1.0;240.0;263.0;1.0;919.0;118.0;8.0;20880.0;21925.0;2.0;935.0;128.0;9.0;21206.0;22278.0;6.0
2022;ANTIOQUIA;FREDONIA;5282.0;7.0;0.0;0.0;68.0;75.0;7.0;58.0;9.0;6.0;679.0;752.0;15.0;350.0;41.0;15.0;7430.0;7836.0;15.0;1092.0;211.0;17.0;29499.0;30819.0;7.0;1507.0;261.0;38.0;37676.0;39482.0;44.0
2022;ANTIOQUIA;FRONTINO;5284.0;0.0;0.0;0.0;3.0;3.0;1.0;17.0;4.0;0.0;188.0;209.0;7.0;0.0;0.0;0.0;0.0;0.0;0.0;287.0;30.0;1.0;6521.0;6839.0;1.0;304.0;34.0;1.0;6712.0;7051.0;9.0
2022;ANTIOQUIA;GIRALDO;5306.0;3.0;0.0;0.0;35.0;38.0;4.0;27.0;0.0;6.0;243.0;276.0;6.0;0.0;0.0;0.0;0.0;0.0;0.0;0.0;0.0;0.0;0.0;0.0;0.0;30.0;0.0;6.0;278.0;314.0;10.0
2022;ANTIOQUIA;GIRARDOTA;5308.0;0.0;0.0;0.0;0.0;0.0;0.0;31.0;1.0;11.0;475.0;518.0;11.0;347.0;110.0;20.0;7390.0;7867.0;24.0;2540.0;500.0;63.0;57708.0;60811.0;8.0;2918.0;611.0;94.0;65573.0;69196.0;43.0
2022;ANTIOQUIA;GOMEZ PLATA;5310.0;0.0;0.0;41.0;82.0;123.0;12.0;0.0;0.0;0.0;325.0;325.0;8.0;35.0;5.0;2.0;1000.0;1042.0;2.0;1011.0;940.0;433.0;23670.0;26054.0;3.0;1046.0;945.0;476.0;25077.0;27544.0;25.0
2022;ANTIOQUIA;GRANADA;5313.0;2.0;0.0;0.0;21.0;23.0;2.0;1.0;0.0;0.0;57.0;58.0;3.0;21.0;0.0;1.0;520.0;542.0;3.0;100.0;10.0;1.0;2272.0;2383.0;1.0;124.0;10.0;2.0;2870.0;3006.0;9.0
2022;ANTIOQUIA;GUADALUPE;5315.0;0.0;0.0;0.0;0.0;0.0;0.0;6.0;0.0;0.0;54.0;60.0;2.0;10.0;0.0;0.0;200.0;210.0;1.0;0.0;0.0;0.0;0.0;0.0;0.0;16.0;0.0;0.0;254.0;270.0;3.0
2022;ANTIOQUIA;GUARNE;5318.0;0.0;0.0;0.0;11.0;11.0;1.0;29.0;3.0;2.0;361.0;395.0;8.0;71.0;41.0;4.0;1420.0;1536.0;4.0;1425.0;240.0;35.0;32377.0;34077.0;11.0;1525.0;284.0;41.0;34169.0;36019.0;24.0
2022;ANTIOQUIA;GUATAPE;5321.0;0.0;0.0;0.0;0.0;0.0;0.0;0.0;0.0;0.0;49.0;49.0;1.0;50.0;6.0;3.0;1000.0;1059.0;1.0;0.0;0.0;0.0;0.0;0.0;0.0;50.0;6.0;3.0;1049.0;1108.0;2.0
2022;ANTIOQUIA;HELICONIA;5347.0;0.0;0.0;0.0;0.0;0.0;0.0;8.0;0.0;0.0;97.0;105.0;2.0;22.0;2.0;1.0;740.0;765.0;3.0;205.0;25.0;4.0;4657.0;4891.0;2.0;235.0;27.0;5.0;5494.0;5761.0;7.0
2022;ANTIOQUIA;HISPANIA;5353.0;0.0;7.0;0.0;8.0;15.0;2.0;2.0;0.0;0.0;18.0;20.0;1.0;30.0;0.0;0.0;600.0;630.0;1.0;165.0;10.0;2.0;3749.0;3926.0;1.0;197.0;17.0;2.0;4375.0;4591.0;5.0
2022;ANTIOQUIA;ITAGUI;5360.0;0.0;0.0;0.0;0.0;0.0;0.0;26.0;14.0;4.0;234.0;278.0;3.0;15.0;0.0;1.0;300.0;316.0;1.0;0.0;0.0;0.0;0.0;0.0;0.0;41.0;14.0;5.0;534.0;594.0;4.0
2022;ANTIOQUIA;ITUANGO;5361.0;0.0;0.0;0.0;17.0;17.0;2.0;15.0;0.0;1.0;177.0;193.0;5.0;41.0;12.0;3.0;820.0;876.0;3.0;0.0;0.0;0.0;0.0;0.0;0.0;56.0;12.0;4.0;1014.0;1086.0;10.0
2022;ANTIOQUIA;JARDIN;5364.0;0.0;0.0;0.0;4.0;4.0;2.0;39.0;26.0;8.0;454.0;527.0;11.0;46.0;16.0;3.0;1030.0;1095.0;3.0;0.0;0.0;0.0;0.0;0.0;0.0;85.0;42.0;11.0;1488.0;1626.0;16.0
2022;ANTIOQUIA;JERICO;5368.0;14.0;3.0;2.0;190.0;209.0;26.0;32.0;15.0;3.0;370.0;420.0;12.0;27.0;6.0;1.0;540.0;574.0;2.0;1550.0;220.0;21.0;35216.0;37007.0;3.0;1623.0;244.0;27.0;36316.0;38210.0;43.0
2022;ANTIOQUIA;LA CEJA;5376.0;0.0;0.0;0.0;0.0;0.0;0.0;0.0;0.0;0.0;69.0;69.0;2.0;65.0;26.0;3.0;1300.0;1394.0;2.0;700.0;53.0;5.0;15904.0;16662.0;2.0;765.0;79.0;8.0;17273.0;18125.0;6.0
2022;ANTIOQUIA;LA ESTRELLA;5380.0;0.0;0.0;0.0;0.0;0.0;0.0;3.0;0.0;0.0;77.0;80.0;2.0;50.0;2.0;2.0;1100.0;1154.0;3.0;0.0;0.0;0.0;0.0;0.0;0.0;53.0;2.0;2.0;1177.0;1234.0;5.0
2022;ANTIOQUIA;LA PINTADA;5390.0;13.0;1.0;0.0;357.0;371.0;57.0;26.0;3.0;0.0;319.0;348.0;15.0;0.0;0.0;0.0;0.0;0.0;0.0;0.0;0.0;0.0;0.0;0.0;0.0;39.0;4.0;0.0;676.0;719.0;72.0
2022;ANTIOQUIA;LA UNION;5400.0;0.0;0.0;0.0;10.0;10.0;1.0;0.0;0.0;0.0;75.0;75.0;2.0;0.0;0.0;0.0;0.0;0.0;0.0;78.0;10.0;2.0;1772.0;1862.0;1.0;78.0;10.0;2.0;1857.0;1947.0;4.0
2022;ANTIOQUIA;LIBORINA;5411.0;7.0;1.0;0.0;55.0;63.0;5.0;50.0;8.0;7.0;626.0;691.0;17.0;25.0;13.0;2.0;500.0;540.0;2.0;122.0;52.0;2.0;2772.0;2948.0;1.0;204.0;74.0;11.0;3953.0;4242.0;25.0
2022;ANTIOQUIA;MACEO;5425.0;15.0;3.0;2.0;189.0;209.0;20.0;38.0;29.0;2.0;477.0;546.0;15.0;60.0;9.0;2.0;1200.0;1271.0;4.0;153.0;10.0;2.0;3476.0;3641.0;1.0;266.0;51.0;8.0;5342.0;5667.0;40.0
2022;ANTIOQUIA;MARINILLA;5440.0;2.0;0.0;1.0;58.0;61.0;8.0;22.0;1.0;1.0;340.0;364.0;7.0;280.0;26.0;10.0;5700.0;6016.0;11.0;1186.0;182.0;13.0;26945.0;28326.0;6.0;1490.0;209.0;25.0;33043.0;34767.0;32.0
2022;ANTIOQUIA;MEDELLIN;5001.0;0.0;0.0;0.0;0.0;0.0;0.0;34.0;22.0;7.0;705.0;768.0;20.0;594.0;114.0;33.0;12468.0;13209.0;26.0;6906.0;878.0;90.0;156904.0;164778.0;24.0;7534.0;1014.0;130.0;170077.0;178755.0;70.0
2022;ANTIOQUIA;MONTEBELLO;5467.0;0.0;0.0;0.0;73.0;73.0;12.0;8.0;7.0;1.0;119.0;135.0;5.0;0.0;0.0;0.0;0.0;0.0;0.0;0.0;0.0;0.0;0.0;0.0;0.0;8.0;7.0;1.0;192.0;208.0;17.0
2022;ANTIOQUIA;MURINDO;5475.0;0.0;0.0;0.0;0.0;0.0;0.0;0.0;0.0;0.0;0.0;0.0;0.0;0.0;0.0;0.0;0.0;0.0;0.0;0.0;0.0;0.0;0.0;0.0;0.0;0.0;0.0;0.0;0.0;0.0;0.0
2022;ANTIOQUIA;MUTATA;5480.0;78.0;34.0;9.0;820.0;941.0;125.0;275.0;117.0;56.0;2798.0;3246.0;81.0;189.0;20.0;16.0;3955.0;4180.0;11.0;116.0;5.0;3.0;2636.0;2760.0;1.0;658.0;176.0;84.0;10209.0;11127.0;218.0
2022;ANTIOQUIA;NARIÑO;5483.0;1.0;0.0;3.0;7.0;11.0;1.0;6.0;2.0;1.0;54.0;63.0;1.0;10.0;2.0;1.0;200.0;213.0;1.0;0.0;0.0;0.0;0.0;0.0;0.0;17.0;4.0;5.0;261.0;287.0;3.0
2022;ANTIOQUIA;NECHI;5495.0;115.0;1.0;0.0;818.0;934.0;86.0;518.0;20.0;15.0;4662.0;5215.0;89.0;96.0;0.0;0.0;1920.0;2016.0;9.0;0.0;0.0;0.0;0.0;0.0;0.0;729.0;21.0;15.0;7400.0;8165.0;184.0
2022;ANTIOQUIA;NECOCLI;5490.0;1112.0;241.0;210.0;8291.0;9854.0;1134.0;615.0;111.0;150.0;5650.0;6526.0;161.0;169.0;31.0;15.0;3492.0;3707.0;11.0;123.0;5.0;1.0;2795.0;2924.0;1.0;2019.0;388.0;376.0;20228.0;23011.0;1307.0
2022;ANTIOQUIA;OLAYA;5501.0;0.0;0.0;0.0;0.0;0.0;0.0;1.0;0.0;0.0;9.0;10.0;1.0;0.0;0.0;0.0;0.0;0.0;0.0;0.0;0.0;0.0;0.0;0.0;0.0;1.0;0.0;0.0;9.0;10.0;1.0
2022;ANTIOQUIA;PEQUE;5543.0;5.0;1.0;0.0;71.0;77.0;13.0;18.0;1.0;1.0;217.0;237.0;5.0;80.0;1.0;5.0;1600.0;1686.0;4.0;0.0;0.0;0.0;0.0;0.0;0.0;103.0;3.0;6.0;1888.0;2000.0;22.0
2022;ANTIOQUIA;PEÑOL;5541.0;0.0;0.0;0.0;9.0;9.0;1.0;5.0;1.0;0.0;319.0;325.0;9.0;60.0;0.0;3.0;1420.0;1483.0;4.0;0.0;0.0;0.0;0.0;0.0;0.0;65.0;1.0;3.0;1748.0;1817.0;14.0
2022;ANTIOQUIA;PUEBLORRICO;5576.0;15.0;9.0;1.0;126.0;151.0;15.0;60.0;6.0;5.0;631.0;702.0;19.0;74.0;19.0;3.0;1480.0;1576.0;3.0;0.0;0.0;0.0;0.0;0.0;0.0;149.0;34.0;9.0;2237.0;2429.0;37.0
2022;ANTIOQUIA;PUERTO BERRIO;5579.0;9.0;11.0;1.0;132.0;153.0;22.0;80.0;26.0;15.0;876.0;997.0;24.0;44.0;0.0;1.0;880.0;925.0;3.0;610.0;160.0;5.0;13859.0;14634.0;1.0;743.0;197.0;22.0;15747.0;16709.0;50.0
2022;ANTIOQUIA;PUERTO NARE;5585.0;78.0;15.0;14.0;947.0;1054.0;172.0;80.0;3.0;17.0;812.0;912.0;25.0;31.0;7.0;4.0;908.0;950.0;2.0;0.0;0.0;0.0;0.0;0.0;0.0;189.0;25.0;35.0;2667.0;2916.0;199.0
2022;ANTIOQUIA;PUERTO TRIUNFO;5591.0;42.0;12.0;0.0;488.0;542.0;101.0;17.0;9.0;3.0;306.0;335.0;11.0;0.0;0.0;0.0;0.0;0.0;0.0;0.0;0.0;0.0;0.0;0.0;0.0;59.0;21.0;3.0;794.0;877.0;112.0
2022;ANTIOQUIA;REMEDIOS;5604.0;57.0;10.0;13.0;685.0;765.0;103.0;116.0;34.0;26.0;1093.0;1269.0;35.0;190.0;4.0;11.0;3800.0;4005.0;9.0;0.0;0.0;0.0;0.0;0.0;0.0;363.0;48.0;50.0;5578.0;6039.0;147.0
2022;ANTIOQUIA;RETIRO;5607.0;0.0;0.0;0.0;0.0;0.0;0.0;0.0;0.0;0.0;25.0;25.0;1.0;40.0;1.0;6.0;800.0;847.0;2.0;719.0;40.0;42.0;16336.0;17137.0;3.0;759.0;41.0;48.0;17161.0;18009.0;6.0
2022;ANTIOQUIA;RIONEGRO;5615.0;0.0;0.0;0.0;21.0;21.0;2.0;6.0;0.0;0.0;127.0;133.0;3.0;180.0;17.0;12.0;3700.0;3909.0;7.0;941.0;104.0;15.0;21379.0;22439.0;2.0;1127.0;121.0;27.0;25227.0;26502.0;14.0
2022;ANTIOQUIA;SABANALARGA;5628.0;0.0;0.0;0.0;10.0;10.0;1.0;12.0;0.0;2.0;190.0;204.0;4.0;0.0;0.0;0.0;0.0;0.0;0.0;0.0;0.0;0.0;0.0;0.0;0.0;12.0;0.0;2.0;200.0;214.0;5.0
2022;ANTIOQUIA;SABANETA;5631.0;0.0;0.0;0.0;0.0;0.0;0.0;0.0;0.0;0.0;50.0;50.0;1.0;0.0;0.0;0.0;0.0;0.0;0.0;0.0;0.0;0.0;0.0;0.0;0.0;0.0;0.0;0.0;50.0;50.0;1.0
2022;ANTIOQUIA;SALGAR;5642.0;22.0;17.0;0.0;303.0;342.0;45.0;60.0;9.0;1.0;806.0;876.0;30.0;27.0;0.0;2.0;640.0;669.0;3.0;430.0;48.0;4.0;15070.0;15552.0;3.0;539.0;74.0;7.0;16819.0;17439.0;81.0
2022;ANTIOQUIA;SAN ANDRES DE CUERQUIA;5647.0;2.0;0.0;0.0;16.0;18.0;2.0;0.0;0.0;0.0;65.0;65.0;2.0;48.0;0.0;0.0;960.0;1008.0;3.0;0.0;0.0;0.0;0.0;0.0;0.0;50.0;0.0;0.0;1041.0;1091.0;7.0
2022;ANTIOQUIA;SAN CARLOS;5649.0;3.0;0.0;0.0;21.0;24.0;2.0;27.0;1.0;4.0;321.0;353.0;8.0;10.0;1.0;1.0;200.0;212.0;1.0;0.0;0.0;0.0;0.0;0.0;0.0;40.0;2.0;5.0;542.0;589.0;11.0
2022;ANTIOQUIA;SAN FRANCISCO;5652.0;13.0;2.0;1.0;176.0;192.0;27.0;47.0;5.0;9.0;467.0;528.0;13.0;19.0;0.0;3.0;380.0;402.0;1.0;0.0;0.0;0.0;0.0;0.0;0.0;79.0;7.0;13.0;1023.0;1122.0;41.0
2022;ANTIOQUIA;SAN JERONIMO;5656.0;0.0;0.0;0.0;0.0;0.0;0.0;2.0;0.0;0.0;43.0;45.0;2.0;0.0;0.0;0.0;100.0;100.0;1.0;0.0;0.0;0.0;0.0;0.0;0.0;2.0;0.0;0.0;143.0;145.0;3.0
2022;ANTIOQUIA;SAN JOSE DE LA MONTAÑA;5658.0;0.0;0.0;0.0;0.0;0.0;0.0;0.0;0.0;0.0;0.0;0.0;0.0;80.0;0.0;0.0;1600.0;1680.0;3.0;0.0;0.0;0.0;0.0;0.0;0.0;80.0;0.0;0.0;1600.0;1680.0;3.0
2022;ANTIOQUIA;SAN JUAN DE URABA;5659.0;298.0;72.0;47.0;2422.0;2839.0;364.0;280.0;33.0;48.0;2520.0;2881.0;64.0;43.0;12.0;6.0;860.0;921.0;3.0;0.0;0.0;0.0;0.0;0.0;0.0;621.0;117.0;101.0;5802.0;6641.0;431.0
2022;ANTIOQUIA;SAN LUIS;5660.0;39.0;2.0;5.0;468.0;514.0;77.0;115.0;12.0;18.0;1133.0;1278.0;32.0;11.0;0.0;2.0;220.0;233.0;1.0;0.0;0.0;0.0;0.0;0.0;0.0;165.0;14.0;25.0;1821.0;2025.0;110.0
2022;ANTIOQUIA;SAN PEDRO DE LOS MILAGROS;5664.0;1.0;0.0;0.0;27.0;28.0;4.0;0.0;0.0;0.0;1986.0;1986.0;57.0;0.0;0.0;0.0;6900.0;6900.0;32.0;4035.0;572.0;58.0;95675.0;100340.0;19.0;4036.0;572.0;58.0;104588.0;109254.0;112.0
2022;ANTIOQUIA;SAN PEDRO DE URABA;5665.0;395.0;66.0;65.0;3204.0;3730.0;516.0;215.0;18.0;39.0;2129.0;2401.0;69.0;130.0;44.0;13.0;2600.0;2787.0;7.0;0.0;0.0;0.0;0.0;0.0;0.0;740.0;128.0;117.0;7933.0;8918.0;592.0
2022;ANTIOQUIA;SAN RAFAEL;5667.0;0.0;0.0;0.0;0.0;0.0;0.0;6.0;6.0;1.0;54.0;67.0;1.0;30.0;11.0;3.0;805.0;849.0;2.0;0.0;0.0;0.0;0.0;0.0;0.0;36.0;17.0;4.0;859.0;916.0;3.0
2022;ANTIOQUIA;SAN ROQUE;5670.0;27.0;8.0;0.0;348.0;383.0;40.0;215.0;35.0;16.0;2461.0;2727.0;58.0;212.0;55.0;32.0;4240.0;4539.0;9.0;1169.0;193.0;18.0;26559.0;27939.0;5.0;1623.0;291.0;66.0;33608.0;35588.0;112.0
2022;ANTIOQUIA;SAN VICENTE FERRER;5674.0;3.0;0.0;0.0;37.0;40.0;4.0;23.0;3.0;1.0;225.0;252.0;7.0;215.0;21.0;10.0;4500.0;4746.0;9.0;0.0;0.0;0.0;0.0;0.0;0.0;241.0;24.0;11.0;4762.0;5038.0;20.0
2022;ANTIOQUIA;SANTA BARBARA;5679.0;8.0;4.0;0.0;497.0;509.0;66.0;81.0;4.0;7.0;922.0;1014.0;23.0;263.0;36.0;18.0;5260.0;5577.0;11.0;1456.0;66.0;22.0;33080.0;34624.0;5.0;1808.0;110.0;47.0;39759.0;41724.0;105.0
2022;ANTIOQUIA;SANTAFE DE ANTIOQUIA;5042.0;0.0;0.0;0.0;0.0;0.0;0.0;2.0;0.0;0.0;18.0;20.0;1.0;0.0;0.0;0.0;100.0;100.0;1.0;0.0;0.0;0.0;0.0;0.0;0.0;2.0;0.0;0.0;118.0;120.0;2.0
2022;ANTIOQUIA;SANTA ROSA DE OSOS;5686.0;0.0;0.0;0.0;95.0;95.0;9.0;13.0;0.0;0.0;1331.0;1344.0;30.0;140.0;138.0;13.0;10924.0;11215.0;41.0;6632.0;702.0;92.0;158627.0;166053.0;32.0;6785.0;840.0;105.0;170977.0;178707.0;112.0
2022;ANTIOQUIA;SANTO DOMINGO;5690.0;2.0;2.0;0.0;21.0;25.0;3.0;25.0;0.0;4.0;275.0;304.0;6.0;476.0;80.0;43.0;9520.0;10119.0;15.0;4335.0;538.0;37.0;98491.0;103401.0;10.0;4838.0;620.0;84.0;108307.0;113849.0;34.0
2022;ANTIOQUIA;SEGOVIA;5736.0;35.0;17.0;7.0;390.0;449.0;62.0;87.0;23.0;23.0;969.0;1102.0;26.0;13.0;4.0;1.0;260.0;278.0;1.0;0.0;0.0;0.0;0.0;0.0;0.0;135.0;44.0;31.0;1619.0;1829.0;89.0
2022;ANTIOQUIA;SONSON;5756.0;47.0;9.0;0.0;649.0;705.0;121.0;68.0;31.0;12.0;900.0;1011.0;35.0;128.0;2.0;5.0;2680.0;2815.0;6.0;55.0;0.0;2.0;1250.0;1307.0;1.0;298.0;42.0;19.0;5479.0;5838.0;163.0
2022;ANTIOQUIA;SOPETRAN;5761.0;0.0;0.0;0.0;0.0;0.0;0.0;13.0;5.0;1.0;217.0;236.0;4.0;15.0;0.0;1.0;400.0;416.0;2.0;0.0;0.0;0.0;0.0;0.0;0.0;28.0;5.0;2.0;617.0;652.0;6.0
2022;ANTIOQUIA;TAMESIS;5789.0;85.0;20.0;2.0;714.0;821.0;98.0;72.0;5.0;0.0;841.0;918.0;26.0;44.0;3.0;1.0;880.0;928.0;2.0;1940.0;12.0;16.0;44077.0;46045.0;3.0;2141.0;40.0;19.0;46512.0;48712.0;129.0
2022;ANTIOQUIA;TARAZA;5790.0;61.0;13.0;20.0;736.0;830.0;107.0;156.0;31.0;25.0;1454.0;1666.0;45.0;50.0;0.0;1.0;1000.0;1051.0;2.0;0.0;0.0;0.0;0.0;0.0;0.0;267.0;44.0;46.0;3190.0;3547.0;154.0
2022;ANTIOQUIA;TARSO;5792.0;12.0;4.0;0.0;85.0;101.0;11.0;7.0;0.0;0.0;63.0;70.0;3.0;0.0;0.0;0.0;0.0;0.0;0.0;0.0;0.0;0.0;0.0;0.0;0.0;19.0;4.0;0.0;148.0;171.0;14.0
2022;ANTIOQUIA;TITIRIBI;5809.0;2.0;0.0;0.0;42.0;44.0;4.0;4.0;0.0;0.0;214.0;218.0;5.0;35.0;5.0;1.0;700.0;741.0;1.0;480.0;54.0;7.0;10905.0;11446.0;4.0;521.0;59.0;8.0;11861.0;12449.0;14.0
2022;ANTIOQUIA;TOLEDO;5819.0;6.0;0.0;0.0;54.0;60.0;5.0;17.0;0.0;0.0;168.0;185.0;5.0;0.0;0.0;0.0;0.0;0.0;0.0;0.0;0.0;0.0;0.0;0.0;0.0;23.0;0.0;0.0;222.0;245.0;10.0
2022;ANTIOQUIA;TURBO;5837.0;615.0;179.0;93.0;5110.0;5997.0;654.0;993.0;150.0;163.0;9460.0;10766.0;281.0;465.0;27.0;47.0;10870.0;11409.0;33.0;156.0;0.0;3.0;3544.0;3703.0;1.0;2229.0;356.0;306.0;28984.0;31875.0;969.0
2022;ANTIOQUIA;URAMITA;5842.0;0.0;0.0;0.0;15.0;15.0;2.0;2.0;0.0;0.0;90.0;92.0;4.0;2.0;0.0;0.0;40.0;42.0;1.0;0.0;0.0;0.0;0.0;0.0;0.0;4.0;0.0;0.0;145.0;149.0;7.0
2022;ANTIOQUIA;URRAO;5847.0;12.0;0.0;0.0;201.0;213.0;27.0;44.0;4.0;4.0;656.0;708.0;20.0;515.0;4.0;20.0;10300.0;10839.0;15.0;578.0;121.0;10.0;13132.0;13841.0;6.0;1149.0;129.0;34.0;24289.0;25601.0;68.0
2022;ANTIOQUIA;VALDIVIA;5854.0;84.0;15.0;6.0;752.0;857.0;116.0;126.0;15.0;24.0;1239.0;1404.0;37.0;18.0;0.0;0.0;360.0;378.0;2.0;0.0;0.0;0.0;0.0;0.0;0.0;228.0;30.0;30.0;2351.0;2639.0;155.0
2022;ANTIOQUIA;VALPARAISO;5856.0;1.0;0.0;0.0;24.0;25.0;4.0;4.0;0.0;0.0;146.0;150.0;4.0;85.0;9.0;0.0;1700.0;1794.0;2.0;555.0;125.0;5.0;12609.0;13294.0;2.0;645.0;134.0;5.0;14479.0;15263.0;12.0
2022;ANTIOQUIA;VEGACHI;5858.0;12.0;7.0;3.0;138.0;160.0;19.0;52.0;36.0;11.0;536.0;635.0;13.0;39.0;5.0;4.0;930.0;978.0;4.0;0.0;0.0;0.0;0.0;0.0;0.0;103.0;48.0;18.0;1604.0;1773.0;36.0
2022;ANTIOQUIA;VENECIA;5861.0;0.0;0.0;0.0;0.0;0.0;0.0;0.0;0.0;0.0;25.0;25.0;1.0;27.0;0.0;1.0;540.0;568.0;1.0;0.0;0.0;0.0;0.0;0.0;0.0;27.0;0.0;1.0;565.0;593.0;2.0
2022;ANTIOQUIA;VIGIA DEL FUERTE;5873.0;0.0;0.0;0.0;0.0;0.0;0.0;0.0;0.0;0.0;0.0;0.0;0.0;0.0;0.0;0.0;0.0;0.0;0.0;0.0;0.0;0.0;0.0;0.0;0.0;0.0;0.0;0.0;0.0;0.0;0.0
2022;ANTIOQUIA;YALI;5885.0;1.0;1.0;0.0;28.0;30.0;3.0;1.0;0.0;1.0;54.0;56.0;3.0;90.0;19.0;3.0;1800.0;1912.0;2.0;0.0;0.0;0.0;0.0;0.0;0.0;92.0;20.0;4.0;1882.0;1998.0;8.0
2022;ANTIOQUIA;YARUMAL;5887.0;20.0;7.0;2.0;221.0;250.0;31.0;35.0;12.0;3.0;861.0;911.0;28.0;226.0;48.0;14.0;5479.0;5767.0;14.0;3046.0;583.0;62.0;70206.0;73897.0;7.0;3327.0;650.0;81.0;76767.0;80825.0;80.0
2022;ANTIOQUIA;YOLOMBO;5890.0;8.0;12.0;1.0;112.0;133.0;13.0;40.0;12.0;5.0;564.0;621.0;17.0;289.0;20.0;8.0;5780.0;6097.0;11.0;3654.0;1001.0;35.0;87820.0;92510.0;15.0;3991.0;1045.0;49.0;94276.0;99361.0;56.0
2022;ANTIOQUIA;YONDO;5893.0;63.0;28.0;10.0;754.0;855.0;114.0;185.0;70.0;50.0;1830.0;2135.0;56.0;93.0;13.0;13.0;1860.0;1979.0;7.0;0.0;0.0;0.0;0.0;0.0;0.0;341.0;111.0;73.0;4444.0;4969.0;177.0
2022;ANTIOQUIA;ZARAGOZA;5895.0;9.0;1.0;0.0;63.0;73.0;8.0;29.0;3.0;5.0;261.0;298.0;5.0;10.0;43.0;5.0;200.0;258.0;1.0;0.0;0.0;0.0;0.0;0.0;0.0;48.0;47.0;10.0;524.0;629.0;14.0
2023;ANTIOQUIA;ABEJORRAL;5002.0;0.0;0.0;0.0;36.0;36.0;4.0;16.0;7.0;2.0;164.0;189.0;4.0;51.0;10.0;1.0;1020.0;1082.0;2.0;0.0;0.0;0.0;0.0;0.0;0.0;67.0;17.0;3.0;1220.0;1307.0;10.0
2023;ANTIOQUIA;ABRIAQUI;5004.0;4.0;1.0;0.0;46.0;51.0;4.0;8.0;0.0;2.0;72.0;82.0;2.0;0.0;0.0;0.0;0.0;0.0;0.0;0.0;0.0;0.0;0.0;0.0;0.0;12.0;1.0;2.0;118.0;133.0;6.0
2023;ANTIOQUIA;ALEJANDRIA;5021.0;0.0;0.0;0.0;0.0;0.0;0.0;0.0;0.0;0.0;80.0;80.0;3.0;0.0;0.0;0.0;0.0;0.0;0.0;0.0;0.0;0.0;0.0;0.0;0.0;0.0;0.0;0.0;80.0;80.0;3.0
2023;ANTIOQUIA;AMAGA;5030.0;2.0;0.0;0.0;52.0;54.0;5.0;46.0;13.0;1.0;485.0;545.0;12.0;273.0;37.0;9.0;5835.0;6154.0;13.0;635.0;196.0;17.0;14427.0;15275.0;5.0;956.0;246.0;27.0;20799.0;22028.0;35.0
2023;ANTIOQUIA;AMALFI;5031.0;12.0;2.0;1.0;253.0;268.0;40.0;122.0;1.0;15.0;1332.0;1470.0;39.0;109.0;10.0;9.0;2180.0;2308.0;7.0;0.0;0.0;0.0;0.0;0.0;0.0;243.0;13.0;25.0;3765.0;4046.0;86.0
2023;ANTIOQUIA;ANDES;5034.0;0.0;0.0;0.0;0.0;0.0;0.0;16.0;2.0;0.0;192.0;210.0;6.0;212.0;2.0;5.0;4240.0;4459.0;5.0;520.0;107.0;10.0;11813.0;12450.0;5.0;748.0;111.0;15.0;16245.0;17119.0;16.0
2023;ANTIOQUIA;ANGELOPOLIS;5036.0;2.0;2.0;0.0;14.0;18.0;1.0;2.0;0.0;0.0;178.0;180.0;5.0;44.0;2.0;2.0;880.0;928.0;4.0;1560.0;2.0;28.0;35443.0;37033.0;2.0;1608.0;6.0;30.0;36515.0;38159.0;12.0
2023;ANTIOQUIA;ANGOSTURA;5038.0;2.0;0.0;0.0;83.0;85.0;14.0;2.0;0.0;0.0;162.0;164.0;7.0;26.0;6.0;3.0;935.0;970.0;4.0;427.0;116.0;1.0;9701.0;10245.0;1.0;457.0;122.0;4.0;10881.0;11464.0;26.0
2023;ANTIOQUIA;ANORI;5040.0;73.0;33.0;28.0;1449.0;1583.0;293.0;126.0;16.0;14.0;1351.0;1507.0;36.0;23.0;2.0;1.0;460.0;486.0;2.0;0.0;0.0;0.0;0.0;0.0;0.0;222.0;51.0;43.0;3260.0;3576.0;331.0
2023;ANTIOQUIA;ANZA;5044.0;0.0;0.0;0.0;0.0;0.0;0.0;24.0;12.0;2.0;290.0;328.0;7.0;26.0;35.0;2.0;520.0;583.0;2.0;0.0;0.0;0.0;0.0;0.0;0.0;50.0;47.0;4.0;810.0;911.0;9.0
2023;ANTIOQUIA;APARTADO;5045.0;120.0;18.0;38.0;3181.0;3357.0;467.0;324.0;25.0;46.0;3835.0;4230.0;122.0;144.0;10.0;13.0;3131.0;3298.0;8.0;0.0;0.0;0.0;0.0;0.0;0.0;588.0;53.0;97.0;10147.0;10885.0;597.0
2023;ANTIOQUIA;ARBOLETES;5051.0;296.0;87.0;46.0;2637.0;3066.0;495.0;136.0;7.0;20.0;1240.0;1403.0;36.0;17.0;0.0;1.0;340.0;358.0;1.0;0.0;0.0;0.0;0.0;0.0;0.0;449.0;94.0;67.0;4217.0;4827.0;532.0
2023;ANTIOQUIA;ARGELIA;5055.0;3.0;3.0;1.0;21.0;28.0;2.0;7.0;5.0;3.0;123.0;138.0;4.0;0.0;0.0;0.0;0.0;0.0;0.0;0.0;0.0;0.0;0.0;0.0;0.0;10.0;8.0;4.0;144.0;166.0;6.0
2023;ANTIOQUIA;ARMENIA;5059.0;0.0;0.0;0.0;0.0;0.0;0.0;2.0;0.0;0.0;18.0;20.0;1.0;56.0;26.0;3.0;1120.0;1205.0;2.0;299.0;87.0;20.0;6793.0;7199.0;5.0;357.0;113.0;23.0;7931.0;8424.0;8.0
2023;ANTIOQUIA;BARBOSA;5079.0;0.0;0.0;0.0;5.0;5.0;1.0;65.0;10.0;7.0;1042.0;1124.0;23.0;575.0;58.0;25.0;12270.0;12928.0;29.0;5690.0;944.0;75.0;130701.0;137410.0;16.0;6330.0;1012.0;107.0;144018.0;151467.0;69.0
2023;ANTIOQUIA;BELLO;5088.0;0.0;0.0;0.0;5.0;5.0;2.0;4.0;0.0;1.0;516.0;521.0;13.0;537.0;83.0;19.0;12840.0;13479.0;27.0;1500.0;245.0;18.0;35080.0;36843.0;7.0;2041.0;328.0;38.0;48441.0;50848.0;49.0
2023;ANTIOQUIA;BELMIRA;5086.0;0.0;0.0;0.0;0.0;0.0;0.0;0.0;0.0;0.0;201.0;201.0;6.0;0.0;0.0;0.0;675.0;675.0;3.0;625.0;20.0;7.0;14200.0;14852.0;2.0;625.0;20.0;7.0;15076.0;15728.0;11.0
2023;ANTIOQUIA;BETANIA;5091.0;3.0;8.0;0.0;46.0;57.0;6.0;0.0;0.0;0.0;90.0;90.0;1.0;16.0;6.0;0.0;320.0;342.0;1.0;495.0;100.0;11.0;11247.0;11853.0;2.0;514.0;114.0;11.0;11703.0;12342.0;10.0
2023;ANTIOQUIA;BETULIA;5093.0;2.0;0.0;0.0;14.0;16.0;1.0;4.0;0.0;0.0;52.0;56.0;2.0;1.0;5.0;0.0;170.0;176.0;2.0;180.0;15.0;3.0;4090.0;4288.0;1.0;187.0;20.0;3.0;4326.0;4536.0;6.0
2023;ANTIOQUIA;BRICEÑO;5107.0;8.0;0.0;1.0;68.0;77.0;10.0;46.0;0.0;1.0;414.0;461.0;10.0;2.0;0.0;0.0;40.0;42.0;1.0;0.0;0.0;0.0;0.0;0.0;0.0;56.0;0.0;2.0;522.0;580.0;21.0
2023;ANTIOQUIA;BURITICA;5113.0;2.0;0.0;1.0;14.0;17.0;1.0;17.0;2.0;3.0;153.0;175.0;5.0;50.0;2.0;5.0;1000.0;1057.0;3.0;0.0;0.0;0.0;0.0;0.0;0.0;69.0;4.0;9.0;1167.0;1249.0;9.0
2023;ANTIOQUIA;CACERES;5120.0;187.0;16.0;28.0;1993.0;2224.0;324.0;193.0;10.0;26.0;2033.0;2262.0;63.0;138.0;4.0;11.0;3257.0;3410.0;6.0;0.0;0.0;0.0;0.0;0.0;0.0;518.0;30.0;65.0;7283.0;7896.0;393.0
2023;ANTIOQUIA;CAICEDO;5125.0;2.0;2.0;1.0;14.0;19.0;1.0;11.0;6.0;1.0;145.0;163.0;6.0;12.0;0.0;1.0;240.0;253.0;1.0;0.0;0.0;0.0;0.0;0.0;0.0;25.0;8.0;3.0;399.0;435.0;8.0
2023;ANTIOQUIA;CALDAS;5129.0;0.0;0.0;0.0;0.0;0.0;0.0;16.0;1.0;1.0;244.0;262.0;6.0;291.0;30.0;10.0;6095.0;6426.0;10.0;3180.0;400.0;44.0;72249.0;75873.0;11.0;3487.0;431.0;55.0;78588.0;82561.0;27.0
2023;ANTIOQUIA;CAMPAMENTO;5134.0;17.0;7.0;1.0;215.0;240.0;31.0;20.0;4.0;4.0;236.0;264.0;8.0;13.0;0.0;1.0;260.0;274.0;1.0;0.0;0.0;0.0;0.0;0.0;0.0;50.0;11.0;6.0;711.0;778.0;40.0
2023;ANTIOQUIA;CARACOLI;5142.0;6.0;2.0;1.0;69.0;78.0;11.0;24.0;3.0;5.0;271.0;303.0;7.0;35.0;3.0;4.0;700.0;742.0;3.0;0.0;0.0;0.0;0.0;0.0;0.0;65.0;8.0;10.0;1040.0;1123.0;21.0
2023;ANTIOQUIA;CARAMANTA;5145.0;0.0;0.0;0.0;15.0;15.0;3.0;3.0;0.0;0.0;59.0;62.0;3.0;30.0;0.0;0.0;600.0;630.0;1.0;100.0;0.0;1.0;2272.0;2373.0;1.0;133.0;0.0;1.0;2946.0;3080.0;8.0
2023;ANTIOQUIA;CAREPA;5147.0;60.0;10.0;7.0;777.0;854.0;138.0;113.0;24.0;19.0;1142.0;1298.0;32.0;149.0;17.0;17.0;2980.0;3163.0;11.0;0.0;0.0;0.0;0.0;0.0;0.0;322.0;51.0;43.0;4899.0;5315.0;181.0
2023;ANTIOQUIA;CAROLINA;5150.0;0.0;0.0;0.0;13.0;13.0;3.0;0.0;0.0;0.0;77.0;77.0;3.0;22.0;0.0;0.0;572.0;594.0;2.0;550.0;50.0;6.0;18321.0;18927.0;3.0;572.0;50.0;6.0;18983.0;19611.0;11.0
2023;ANTIOQUIA;CAUCASIA;5154.0;144.0;42.0;21.0;1311.0;1518.0;223.0;267.0;43.0;50.0;2403.0;2763.0;72.0;149.0;5.0;21.0;2980.0;3155.0;10.0;0.0;0.0;0.0;0.0;0.0;0.0;560.0;90.0;92.0;6694.0;7436.0;305.0
2023;ANTIOQUIA;CAÑASGORDAS;5138.0;53.0;18.0;7.0;634.0;712.0;100.0;107.0;21.0;8.0;1130.0;1266.0;31.0;44.0;8.0;4.0;880.0;936.0;4.0;0.0;0.0;0.0;0.0;0.0;0.0;204.0;47.0;19.0;2644.0;2914.0;135.0
2023;ANTIOQUIA;CHIGORODO;5172.0;215.0;98.0;14.0;1800.0;2127.0;230.0;306.0;67.0;31.0;2809.0;3213.0;78.0;188.0;41.0;16.0;3760.0;4005.0;8.0;143.0;5.0;6.0;3249.0;3403.0;1.0;852.0;211.0;67.0;11618.0;12748.0;317.0
2023;ANTIOQUIA;CISNEROS;5190.0;1.0;0.0;0.0;16.0;17.0;3.0;4.0;0.0;0.0;72.0;76.0;2.0;65.0;20.0;2.0;1300.0;1387.0;1.0;94.0;17.0;2.0;2136.0;2249.0;1.0;164.0;37.0;4.0;3524.0;3729.0;7.0
2023;ANTIOQUIA;CIUDAD BOLIVAR;5101.0;13.0;6.0;0.0;275.0;294.0;44.0;70.0;4.0;3.0;880.0;957.0;28.0;86.0;26.0;8.0;1720.0;1840.0;6.0;0.0;0.0;0.0;0.0;0.0;0.0;169.0;36.0;11.0;2875.0;3091.0;78.0
2023;ANTIOQUIA;COCORNA;5197.0;27.0;8.0;8.0;312.0;355.0;47.0;115.0;14.0;16.0;1215.0;1360.0;28.0;31.0;2.0;4.0;620.0;657.0;3.0;90.0;10.0;2.0;2045.0;2147.0;1.0;263.0;34.0;30.0;4192.0;4519.0;79.0
2023;ANTIOQUIA;CONCEPCION;5206.0;2.0;1.0;1.0;45.0;49.0;4.0;16.0;2.0;2.0;174.0;194.0;4.0;0.0;0.0;0.0;0.0;0.0;0.0;0.0;0.0;0.0;0.0;0.0;0.0;18.0;3.0;3.0;219.0;243.0;8.0
2023;ANTIOQUIA;CONCORDIA;5209.0;0.0;0.0;0.0;0.0;0.0;0.0;0.0;0.0;0.0;50.0;50.0;1.0;142.0;12.0;4.0;2840.0;2998.0;3.0;3237.0;653.0;32.0;73544.0;77466.0;7.0;3379.0;665.0;36.0;76434.0;80514.0;11.0
2023;ANTIOQUIA;COPACABANA;5212.0;0.0;0.0;0.0;0.0;0.0;0.0;15.0;2.0;0.0;235.0;252.0;6.0;337.0;117.0;20.0;6840.0;7314.0;17.0;362.0;97.0;6.0;9225.0;9690.0;3.0;714.0;216.0;26.0;16300.0;17256.0;26.0
2023;ANTIOQUIA;DABEIBA;5234.0;4.0;0.0;1.0;28.0;33.0;3.0;12.0;4.0;1.0;133.0;150.0;3.0;12.0;0.0;1.0;240.0;253.0;1.0;0.0;0.0;0.0;0.0;0.0;0.0;28.0;4.0;3.0;401.0;436.0;7.0
2023;ANTIOQUIA;DONMATIAS;5237.0;0.0;50.0;0.0;0.0;50.0;1.0;15.0;0.0;0.0;1085.0;1100.0;29.0;250.0;60.0;10.0;14460.0;14780.0;45.0;6917.0;492.0;56.0;171637.0;179102.0;40.0;7182.0;602.0;66.0;187182.0;195032.0;115.0
2023;ANTIOQUIA;EBEJICO;5240.0;18.0;1.0;0.0;207.0;226.0;24.0;136.0;12.0;2.0;1417.0;1567.0;46.0;150.0;26.0;8.0;3000.0;3184.0;5.0;7570.0;1370.0;148.0;171990.0;181078.0;2.0;7874.0;1409.0;158.0;176614.0;186055.0;77.0
2023;ANTIOQUIA;EL BAGRE;5250.0;2.0;5.0;1.0;85.0;93.0;15.0;15.0;9.0;5.0;156.0;185.0;7.0;0.0;0.0;0.0;127.0;127.0;1.0;93.0;29.0;2.0;2113.0;2237.0;1.0;110.0;43.0;8.0;2481.0;2642.0;24.0
2023;ANTIOQUIA;EL CARMEN DE VIBORAL;5148.0;0.0;0.0;0.0;10.0;10.0;1.0;12.0;2.0;2.0;108.0;124.0;4.0;39.0;30.0;4.0;780.0;853.0;2.0;0.0;0.0;0.0;0.0;0.0;0.0;51.0;32.0;6.0;898.0;987.0;7.0
2023;ANTIOQUIA;EL SANTUARIO;5697.0;4.0;0.0;1.0;46.0;51.0;6.0;27.0;1.0;3.0;338.0;369.0;6.0;44.0;2.0;4.0;880.0;930.0;2.0;620.0;65.0;6.0;14086.0;14777.0;4.0;695.0;68.0;14.0;15350.0;16127.0;18.0
2023;ANTIOQUIA;ENTRERRIOS;5264.0;0.0;350.0;300.0;68.0;718.0;11.0;5.0;0.0;0.0;781.0;786.0;24.0;0.0;0.0;0.0;2164.0;2164.0;7.0;2280.0;153.0;21.0;52501.0;54955.0;9.0;2285.0;503.0;321.0;55514.0;58623.0;51.0
2023;ANTIOQUIA;ENVIGADO;5266.0;0.0;0.0;0.0;0.0;0.0;0.0;4.0;0.0;0.0;86.0;90.0;3.0;12.0;10.0;1.0;240.0;263.0;1.0;919.0;118.0;8.0;20880.0;21925.0;2.0;935.0;128.0;9.0;21206.0;22278.0;6.0
2023;ANTIOQUIA;FREDONIA;5282.0;7.0;0.0;0.0;68.0;75.0;7.0;58.0;9.0;6.0;679.0;752.0;15.0;350.0;41.0;15.0;7430.0;7836.0;15.0;1092.0;211.0;17.0;29499.0;30819.0;7.0;1507.0;261.0;38.0;37676.0;39482.0;44.0
2023;ANTIOQUIA;FRONTINO;5284.0;0.0;0.0;0.0;3.0;3.0;1.0;17.0;4.0;0.0;188.0;209.0;7.0;0.0;0.0;0.0;0.0;0.0;0.0;287.0;30.0;1.0;6521.0;6839.0;1.0;304.0;34.0;1.0;6712.0;7051.0;9.0
2023;ANTIOQUIA;GIRALDO;5306.0;3.0;0.0;0.0;35.0;38.0;4.0;27.0;0.0;6.0;243.0;276.0;6.0;0.0;0.0;0.0;0.0;0.0;0.0;0.0;0.0;0.0;0.0;0.0;0.0;30.0;0.0;6.0;278.0;314.0;10.0
2023;ANTIOQUIA;GIRARDOTA;5308.0;0.0;0.0;0.0;0.0;0.0;0.0;31.0;1.0;11.0;475.0;518.0;11.0;347.0;110.0;20.0;7390.0;7867.0;24.0;2540.0;500.0;63.0;57708.0;60811.0;8.0;2918.0;611.0;94.0;65573.0;69196.0;43.0
2023;ANTIOQUIA;GOMEZ PLATA;5310.0;0.0;0.0;41.0;82.0;123.0;12.0;0.0;0.0;0.0;325.0;325.0;8.0;35.0;5.0;2.0;1000.0;1042.0;2.0;1011.0;940.0;433.0;23670.0;26054.0;3.0;1046.0;945.0;476.0;25077.0;27544.0;25.0
2023;ANTIOQUIA;GRANADA;5313.0;2.0;0.0;0.0;21.0;23.0;2.0;1.0;0.0;0.0;57.0;58.0;3.0;21.0;0.0;1.0;520.0;542.0;3.0;100.0;10.0;1.0;2272.0;2383.0;1.0;124.0;10.0;2.0;2870.0;3006.0;9.0
2023;ANTIOQUIA;GUADALUPE;5315.0;0.0;0.0;0.0;0.0;0.0;0.0;6.0;0.0;0.0;54.0;60.0;2.0;10.0;0.0;0.0;200.0;210.0;1.0;0.0;0.0;0.0;0.0;0.0;0.0;16.0;0.0;0.0;254.0;270.0;3.0
2023;ANTIOQUIA;GUARNE;5318.0;0.0;0.0;0.0;11.0;11.0;1.0;29.0;3.0;2.0;361.0;395.0;8.0;71.0;41.0;4.0;1420.0;1536.0;4.0;1425.0;240.0;35.0;32377.0;34077.0;11.0;1525.0;284.0;41.0;34169.0;36019.0;24.0
2023;ANTIOQUIA;GUATAPE;5321.0;0.0;0.0;0.0;0.0;0.0;0.0;0.0;0.0;0.0;49.0;49.0;1.0;50.0;6.0;3.0;1000.0;1059.0;1.0;0.0;0.0;0.0;0.0;0.0;0.0;50.0;6.0;3.0;1049.0;1108.0;2.0
2023;ANTIOQUIA;HELICONIA;5347.0;0.0;0.0;0.0;0.0;0.0;0.0;8.0;0.0;0.0;97.0;105.0;2.0;22.0;2.0;1.0;740.0;765.0;3.0;205.0;25.0;4.0;4657.0;4891.0;2.0;235.0;27.0;5.0;5494.0;5761.0;7.0
2023;ANTIOQUIA;HISPANIA;5353.0;0.0;7.0;0.0;8.0;15.0;2.0;2.0;0.0;0.0;18.0;20.0;1.0;30.0;0.0;0.0;600.0;630.0;1.0;165.0;10.0;2.0;3749.0;3926.0;1.0;197.0;17.0;2.0;4375.0;4591.0;5.0
2023;ANTIOQUIA;ITAGUI;5360.0;0.0;0.0;0.0;0.0;0.0;0.0;26.0;14.0;4.0;234.0;278.0;3.0;15.0;0.0;1.0;300.0;316.0;1.0;0.0;0.0;0.0;0.0;0.0;0.0;41.0;14.0;5.0;534.0;594.0;4.0
2023;ANTIOQUIA;ITUANGO;5361.0;0.0;0.0;0.0;17.0;17.0;2.0;15.0;0.0;1.0;177.0;193.0;5.0;41.0;12.0;3.0;820.0;876.0;3.0;0.0;0.0;0.0;0.0;0.0;0.0;56.0;12.0;4.0;1014.0;1086.0;10.0
2023;ANTIOQUIA;JARDIN;5364.0;0.0;0.0;0.0;4.0;4.0;2.0;39.0;26.0;8.0;454.0;527.0;11.0;46.0;16.0;3.0;1030.0;1095.0;3.0;0.0;0.0;0.0;0.0;0.0;0.0;85.0;42.0;11.0;1488.0;1626.0;16.0
2023;ANTIOQUIA;JERICO;5368.0;14.0;3.0;2.0;190.0;209.0;26.0;32.0;15.0;3.0;370.0;420.0;12.0;27.0;6.0;1.0;540.0;574.0;2.0;1550.0;220.0;21.0;35216.0;37007.0;3.0;1623.0;244.0;27.0;36316.0;38210.0;43.0
2023;ANTIOQUIA;LA CEJA;5376.0;0.0;0.0;0.0;0.0;0.0;0.0;0.0;0.0;0.0;69.0;69.0;2.0;65.0;26.0;3.0;1300.0;1394.0;2.0;700.0;53.0;5.0;15904.0;16662.0;2.0;765.0;79.0;8.0;17273.0;18125.0;6.0
2023;ANTIOQUIA;LA ESTRELLA;5380.0;0.0;0.0;0.0;0.0;0.0;0.0;3.0;0.0;0.0;77.0;80.0;2.0;50.0;2.0;2.0;1100.0;1154.0;3.0;0.0;0.0;0.0;0.0;0.0;0.0;53.0;2.0;2.0;1177.0;1234.0;5.0
2023;ANTIOQUIA;LA PINTADA;5390.0;13.0;1.0;0.0;357.0;371.0;57.0;26.0;3.0;0.0;319.0;348.0;15.0;0.0;0.0;0.0;0.0;0.0;0.0;0.0;0.0;0.0;0.0;0.0;0.0;39.0;4.0;0.0;676.0;719.0;72.0
2023;ANTIOQUIA;LA UNION;5400.0;0.0;0.0;0.0;10.0;10.0;1.0;0.0;0.0;0.0;75.0;75.0;2.0;0.0;0.0;0.0;0.0;0.0;0.0;78.0;10.0;2.0;1772.0;1862.0;1.0;78.0;10.0;2.0;1857.0;1947.0;4.0
2023;ANTIOQUIA;LIBORINA;5411.0;7.0;1.0;0.0;55.0;63.0;5.0;50.0;8.0;7.0;626.0;691.0;17.0;25.0;13.0;2.0;500.0;540.0;2.0;122.0;52.0;2.0;2772.0;2948.0;1.0;204.0;74.0;11.0;3953.0;4242.0;25.0
2023;ANTIOQUIA;MACEO;5425.0;15.0;3.0;2.0;189.0;209.0;20.0;38.0;29.0;2.0;477.0;546.0;15.0;60.0;9.0;2.0;1200.0;1271.0;4.0;153.0;10.0;2.0;3476.0;3641.0;1.0;266.0;51.0;8.0;5342.0;5667.0;40.0
2023;ANTIOQUIA;MARINILLA;5440.0;2.0;0.0;1.0;58.0;61.0;8.0;22.0;1.0;1.0;340.0;364.0;7.0;280.0;26.0;10.0;5700.0;6016.0;11.0;1186.0;182.0;13.0;26945.0;28326.0;6.0;1490.0;209.0;25.0;33043.0;34767.0;32.0
2023;ANTIOQUIA;MEDELLIN;5001.0;0.0;0.0;0.0;0.0;0.0;0.0;34.0;22.0;7.0;705.0;768.0;20.0;594.0;114.0;33.0;12468.0;13209.0;26.0;6906.0;878.0;90.0;156904.0;164778.0;24.0;7534.0;1014.0;130.0;170077.0;178755.0;70.0
2023;ANTIOQUIA;MONTEBELLO;5467.0;0.0;0.0;0.0;73.0;73.0;12.0;8.0;7.0;1.0;119.0;135.0;5.0;0.0;0.0;0.0;0.0;0.0;0.0;0.0;0.0;0.0;0.0;0.0;0.0;8.0;7.0;1.0;192.0;208.0;17.0
2023;ANTIOQUIA;MURINDO;5475.0;0.0;0.0;0.0;0.0;0.0;0.0;0.0;0.0;0.0;0.0;0.0;0.0;0.0;0.0;0.0;0.0;0.0;0.0;0.0;0.0;0.0;0.0;0.0;0.0;0.0;0.0;0.0;0.0;0.0;0.0
2023;ANTIOQUIA;MUTATA;5480.0;78.0;34.0;9.0;820.0;941.0;125.0;275.0;117.0;56.0;2798.0;3246.0;81.0;189.0;20.0;16.0;3955.0;4180.0;11.0;116.0;5.0;3.0;2636.0;2760.0;1.0;658.0;176.0;84.0;10209.0;11127.0;218.0
2023;ANTIOQUIA;NARIÑO;5483.0;1.0;0.0;3.0;7.0;11.0;1.0;6.0;2.0;1.0;54.0;63.0;1.0;10.0;2.0;1.0;200.0;213.0;1.0;0.0;0.0;0.0;0.0;0.0;0.0;17.0;4.0;5.0;261.0;287.0;3.0
2023;ANTIOQUIA;NECHI;5495.0;115.0;1.0;0.0;818.0;934.0;86.0;518.0;20.0;15.0;4662.0;5215.0;89.0;96.0;0.0;0.0;1920.0;2016.0;9.0;0.0;0.0;0.0;0.0;0.0;0.0;729.0;21.0;15.0;7400.0;8165.0;184.0
2023;ANTIOQUIA;NECOCLI;5490.0;1112.0;241.0;210.0;8291.0;9854.0;1134.0;615.0;111.0;150.0;5650.0;6526.0;161.0;169.0;31.0;15.0;3492.0;3707.0;11.0;123.0;5.0;1.0;2795.0;2924.0;1.0;2019.0;388.0;376.0;20228.0;23011.0;1307.0
2023;ANTIOQUIA;OLAYA;5501.0;0.0;0.0;0.0;0.0;0.0;0.0;1.0;0.0;0.0;9.0;10.0;1.0;0.0;0.0;0.0;0.0;0.0;0.0;0.0;0.0;0.0;0.0;0.0;0.0;1.0;0.0;0.0;9.0;10.0;1.0
2023;ANTIOQUIA;PEQUE;5543.0;5.0;1.0;0.0;71.0;77.0;13.0;18.0;1.0;1.0;217.0;237.0;5.0;80.0;1.0;5.0;1600.0;1686.0;4.0;0.0;0.0;0.0;0.0;0.0;0.0;103.0;3.0;6.0;1888.0;2000.0;22.0
2023;ANTIOQUIA;PEÑOL;5541.0;0.0;0.0;0.0;9.0;9.0;1.0;5.0;1.0;0.0;319.0;325.0;9.0;60.0;0.0;3.0;1420.0;1483.0;4.0;0.0;0.0;0.0;0.0;0.0;0.0;65.0;1.0;3.0;1748.0;1817.0;14.0
2023;ANTIOQUIA;PUEBLORRICO;5576.0;15.0;9.0;1.0;126.0;151.0;15.0;60.0;6.0;5.0;631.0;702.0;19.0;74.0;19.0;3.0;1480.0;1576.0;3.0;0.0;0.0;0.0;0.0;0.0;0.0;149.0;34.0;9.0;2237.0;2429.0;37.0
2023;ANTIOQUIA;PUERTO BERRIO;5579.0;9.0;11.0;1.0;132.0;153.0;22.0;80.0;26.0;15.0;876.0;997.0;24.0;44.0;0.0;1.0;880.0;925.0;3.0;610.0;160.0;5.0;13859.0;14634.0;1.0;743.0;197.0;22.0;15747.0;16709.0;50.0
2023;ANTIOQUIA;PUERTO NARE;5585.0;78.0;15.0;14.0;947.0;1054.0;172.0;80.0;3.0;17.0;812.0;912.0;25.0;31.0;7.0;4.0;908.0;950.0;2.0;0.0;0.0;0.0;0.0;0.0;0.0;189.0;25.0;35.0;2667.0;2916.0;199.0
2023;ANTIOQUIA;PUERTO TRIUNFO;5591.0;42.0;12.0;0.0;488.0;542.0;101.0;17.0;9.0;3.0;306.0;335.0;11.0;0.0;0.0;0.0;0.0;0.0;0.0;0.0;0.0;0.0;0.0;0.0;0.0;59.0;21.0;3.0;794.0;877.0;112.0
2023;ANTIOQUIA;REMEDIOS;5604.0;57.0;10.0;13.0;685.0;765.0;103.0;116.0;34.0;26.0;1093.0;1269.0;35.0;190.0;4.0;11.0;3800.0;4005.0;9.0;0.0;0.0;0.0;0.0;0.0;0.0;363.0;48.0;50.0;5578.0;6039.0;147.0
2023;ANTIOQUIA;RETIRO;5607.0;0.0;0.0;0.0;0.0;0.0;0.0;0.0;0.0;0.0;25.0;25.0;1.0;40.0;1.0;6.0;800.0;847.0;2.0;719.0;40.0;42.0;16336.0;17137.0;3.0;759.0;41.0;48.0;17161.0;18009.0;6.0
2023;ANTIOQUIA;RIONEGRO;5615.0;0.0;0.0;0.0;21.0;21.0;2.0;6.0;0.0;0.0;127.0;133.0;3.0;180.0;17.0;12.0;3700.0;3909.0;7.0;941.0;104.0;15.0;21379.0;22439.0;2.0;1127.0;121.0;27.0;25227.0;26502.0;14.0
2023;ANTIOQUIA;SABANALARGA;5628.0;0.0;0.0;0.0;10.0;10.0;1.0;12.0;0.0;2.0;190.0;204.0;4.0;0.0;0.0;0.0;0.0;0.0;0.0;0.0;0.0;0.0;0.0;0.0;0.0;12.0;0.0;2.0;200.0;214.0;5.0
2023;ANTIOQUIA;SABANETA;5631.0;0.0;0.0;0.0;0.0;0.0;0.0;0.0;0.0;0.0;50.0;50.0;1.0;0.0;0.0;0.0;0.0;0.0;0.0;0.0;0.0;0.0;0.0;0.0;0.0;0.0;0.0;0.0;50.0;50.0;1.0
2023;ANTIOQUIA;SALGAR;5642.0;22.0;17.0;0.0;303.0;342.0;45.0;60.0;9.0;1.0;806.0;876.0;30.0;27.0;0.0;2.0;640.0;669.0;3.0;430.0;48.0;4.0;15070.0;15552.0;3.0;539.0;74.0;7.0;16819.0;17439.0;81.0
2023;ANTIOQUIA;SAN ANDRES DE CUERQUIA;5647.0;2.0;0.0;0.0;16.0;18.0;2.0;0.0;0.0;0.0;65.0;65.0;2.0;48.0;0.0;0.0;960.0;1008.0;3.0;0.0;0.0;0.0;0.0;0.0;0.0;50.0;0.0;0.0;1041.0;1091.0;7.0
2023;ANTIOQUIA;SAN CARLOS;5649.0;3.0;0.0;0.0;21.0;24.0;2.0;27.0;1.0;4.0;321.0;353.0;8.0;10.0;1.0;1.0;200.0;212.0;1.0;0.0;0.0;0.0;0.0;0.0;0.0;40.0;2.0;5.0;542.0;589.0;11.0
2023;ANTIOQUIA;SAN FRANCISCO;5652.0;13.0;2.0;1.0;176.0;192.0;27.0;47.0;5.0;9.0;467.0;528.0;13.0;19.0;0.0;3.0;380.0;402.0;1.0;0.0;0.0;0.0;0.0;0.0;0.0;79.0;7.0;13.0;1023.0;1122.0;41.0
2023;ANTIOQUIA;SAN JERONIMO;5656.0;0.0;0.0;0.0;0.0;0.0;0.0;2.0;0.0;0.0;43.0;45.0;2.0;0.0;0.0;0.0;100.0;100.0;1.0;0.0;0.0;0.0;0.0;0.0;0.0;2.0;0.0;0.0;143.0;145.0;3.0
2023;ANTIOQUIA;SAN JOSE DE LA MONTAÑA;5658.0;0.0;0.0;0.0;0.0;0.0;0.0;0.0;0.0;0.0;0.0;0.0;0.0;80.0;0.0;0.0;1600.0;1680.0;3.0;0.0;0.0;0.0;0.0;0.0;0.0;80.0;0.0;0.0;1600.0;1680.0;3.0
2023;ANTIOQUIA;SAN JUAN DE URABA;5659.0;298.0;72.0;47.0;2422.0;2839.0;364.0;280.0;33.0;48.0;2520.0;2881.0;64.0;43.0;12.0;6.0;860.0;921.0;3.0;0.0;0.0;0.0;0.0;0.0;0.0;621.0;117.0;101.0;5802.0;6641.0;431.0
2023;ANTIOQUIA;SAN LUIS;5660.0;39.0;2.0;5.0;468.0;514.0;77.0;115.0;12.0;18.0;1133.0;1278.0;32.0;11.0;0.0;2.0;220.0;233.0;1.0;0.0;0.0;0.0;0.0;0.0;0.0;165.0;14.0;25.0;1821.0;2025.0;110.0
2023;ANTIOQUIA;SAN PEDRO DE LOS MILAGROS;5664.0;1.0;0.0;0.0;27.0;28.0;4.0;0.0;0.0;0.0;1986.0;1986.0;57.0;0.0;0.0;0.0;6900.0;6900.0;32.0;4035.0;572.0;58.0;95675.0;100340.0;19.0;4036.0;572.0;58.0;104588.0;109254.0;112.0
2023;ANTIOQUIA;SAN PEDRO DE URABA;5665.0;395.0;66.0;65.0;3204.0;3730.0;516.0;215.0;18.0;39.0;2129.0;2401.0;69.0;130.0;44.0;13.0;2600.0;2787.0;7.0;0.0;0.0;0.0;0.0;0.0;0.0;740.0;128.0;117.0;7933.0;8918.0;592.0
2023;ANTIOQUIA;SAN RAFAEL;5667.0;0.0;0.0;0.0;0.0;0.0;0.0;6.0;6.0;1.0;54.0;67.0;1.0;30.0;11.0;3.0;805.0;849.0;2.0;0.0;0.0;0.0;0.0;0.0;0.0;36.0;17.0;4.0;859.0;916.0;3.0
2023;ANTIOQUIA;SAN ROQUE;5670.0;27.0;8.0;0.0;348.0;383.0;40.0;215.0;35.0;16.0;2461.0;2727.0;58.0;212.0;55.0;32.0;4240.0;4539.0;9.0;1169.0;193.0;18.0;26559.0;27939.0;5.0;1623.0;291.0;66.0;33608.0;35588.0;112.0
2023;ANTIOQUIA;SAN VICENTE FERRER;5674.0;3.0;0.0;0.0;37.0;40.0;4.0;23.0;3.0;1.0;225.0;252.0;7.0;215.0;21.0;10.0;4500.0;4746.0;9.0;0.0;0.0;0.0;0.0;0.0;0.0;241.0;24.0;11.0;4762.0;5038.0;20.0
2023;ANTIOQUIA;SANTA BARBARA;5679.0;8.0;4.0;0.0;497.0;509.0;66.0;81.0;4.0;7.0;922.0;1014.0;23.0;263.0;36.0;18.0;5260.0;5577.0;11.0;1456.0;66.0;22.0;33080.0;34624.0;5.0;1808.0;110.0;47.0;39759.0;41724.0;105.0
2023;ANTIOQUIA;SANTAFE DE ANTIOQUIA;5042.0;0.0;0.0;0.0;0.0;0.0;0.0;2.0;0.0;0.0;18.0;20.0;1.0;0.0;0.0;0.0;100.0;100.0;1.0;0.0;0.0;0.0;0.0;0.0;0.0;2.0;0.0;0.0;118.0;120.0;2.0
2023;ANTIOQUIA;SANTA ROSA DE OSOS;5686.0;0.0;0.0;0.0;95.0;95.0;9.0;13.0;0.0;0.0;1331.0;1344.0;30.0;140.0;138.0;13.0;10924.0;11215.0;41.0;6632.0;702.0;92.0;158627.0;166053.0;32.0;6785.0;840.0;105.0;170977.0;178707.0;112.0
2023;ANTIOQUIA;SANTO DOMINGO;5690.0;2.0;2.0;0.0;21.0;25.0;3.0;25.0;0.0;4.0;275.0;304.0;6.0;476.0;80.0;43.0;9520.0;10119.0;15.0;4335.0;538.0;37.0;98491.0;103401.0;10.0;4838.0;620.0;84.0;108307.0;113849.0;34.0
2023;ANTIOQUIA;SEGOVIA;5736.0;35.0;17.0;7.0;390.0;449.0;62.0;87.0;23.0;23.0;969.0;1102.0;26.0;13.0;4.0;1.0;260.0;278.0;1.0;0.0;0.0;0.0;0.0;0.0;0.0;135.0;44.0;31.0;1619.0;1829.0;89.0
2023;ANTIOQUIA;SONSON;5756.0;47.0;9.0;0.0;649.0;705.0;121.0;68.0;31.0;12.0;900.0;1011.0;35.0;128.0;2.0;5.0;2680.0;2815.0;6.0;55.0;0.0;2.0;1250.0;1307.0;1.0;298.0;42.0;19.0;5479.0;5838.0;163.0
2023;ANTIOQUIA;SOPETRAN;5761.0;0.0;0.0;0.0;0.0;0.0;0.0;13.0;5.0;1.0;217.0;236.0;4.0;15.0;0.0;1.0;400.0;416.0;2.0;0.0;0.0;0.0;0.0;0.0;0.0;28.0;5.0;2.0;617.0;652.0;6.0
2023;ANTIOQUIA;TAMESIS;5789.0;85.0;20.0;2.0;714.0;821.0;98.0;72.0;5.0;0.0;841.0;918.0;26.0;44.0;3.0;1.0;880.0;928.0;2.0;1940.0;12.0;16.0;44077.0;46045.0;3.0;2141.0;40.0;19.0;46512.0;48712.0;129.0
2023;ANTIOQUIA;TARAZA;5790.0;61.0;13.0;20.0;736.0;830.0;107.0;156.0;31.0;25.0;1454.0;1666.0;45.0;50.0;0.0;1.0;1000.0;1051.0;2.0;0.0;0.0;0.0;0.0;0.0;0.0;267.0;44.0;46.0;3190.0;3547.0;154.0
2023;ANTIOQUIA;TARSO;5792.0;12.0;4.0;0.0;85.0;101.0;11.0;7.0;0.0;0.0;63.0;70.0;3.0;0.0;0.0;0.0;0.0;0.0;0.0;0.0;0.0;0.0;0.0;0.0;0.0;19.0;4.0;0.0;148.0;171.0;14.0
2023;ANTIOQUIA;TITIRIBI;5809.0;2.0;0.0;0.0;42.0;44.0;4.0;4.0;0.0;0.0;214.0;218.0;5.0;35.0;5.0;1.0;700.0;741.0;1.0;480.0;54.0;7.0;10905.0;11446.0;4.0;521.0;59.0;8.0;11861.0;12449.0;14.0
2023;ANTIOQUIA;TOLEDO;5819.0;6.0;0.0;0.0;54.0;60.0;5.0;17.0;0.0;0.0;168.0;185.0;5.0;0.0;0.0;0.0;0.0;0.0;0.0;0.0;0.0;0.0;0.0;0.0;0.0;23.0;0.0;0.0;222.0;245.0;10.0
2023;ANTIOQUIA;TURBO;5837.0;615.0;179.0;93.0;5110.0;5997.0;654.0;993.0;150.0;163.0;9460.0;10766.0;281.0;465.0;27.0;47.0;10870.0;11409.0;33.0;156.0;0.0;3.0;3544.0;3703.0;1.0;2229.0;356.0;306.0;28984.0;31875.0;969.0
2023;ANTIOQUIA;URAMITA;5842.0;0.0;0.0;0.0;15.0;15.0;2.0;2.0;0.0;0.0;90.0;92.0;4.0;2.0;0.0;0.0;40.0;42.0;1.0;0.0;0.0;0.0;0.0;0.0;0.0;4.0;0.0;0.0;145.0;149.0;7.0
2023;ANTIOQUIA;URRAO;5847.0;12.0;0.0;0.0;201.0;213.0;27.0;44.0;4.0;4.0;656.0;708.0;20.0;515.0;4.0;20.0;10300.0;10839.0;15.0;578.0;121.0;10.0;13132.0;13841.0;6.0;1149.0;129.0;34.0;24289.0;25601.0;68.0
2023;ANTIOQUIA;VALDIVIA;5854.0;84.0;15.0;6.0;752.0;857.0;116.0;126.0;15.0;24.0;1239.0;1404.0;37.0;18.0;0.0;0.0;360.0;378.0;2.0;0.0;0.0;0.0;0.0;0.0;0.0;228.0;30.0;30.0;2351.0;2639.0;155.0
2023;ANTIOQUIA;VALPARAISO;5856.0;1.0;0.0;0.0;24.0;25.0;4.0;4.0;0.0;0.0;146.0;150.0;4.0;85.0;9.0;0.0;1700.0;1794.0;2.0;555.0;125.0;5.0;12609.0;13294.0;2.0;645.0;134.0;5.0;14479.0;15263.0;12.0
2023;ANTIOQUIA;VEGACHI;5858.0;12.0;7.0;3.0;138.0;160.0;19.0;52.0;36.0;11.0;536.0;635.0;13.0;39.0;5.0;4.0;930.0;978.0;4.0;0.0;0.0;0.0;0.0;0.0;0.0;103.0;48.0;18.0;1604.0;1773.0;36.0
2023;ANTIOQUIA;VENECIA;5861.0;0.0;0.0;0.0;0.0;0.0;0.0;0.0;0.0;0.0;25.0;25.0;1.0;27.0;0.0;1.0;540.0;568.0;1.0;0.0;0.0;0.0;0.0;0.0;0.0;27.0;0.0;1.0;565.0;593.0;2.0
2023;ANTIOQUIA;VIGIA DEL FUERTE;5873.0;0.0;0.0;0.0;0.0;0.0;0.0;0.0;0.0;0.0;0.0;0.0;0.0;0.0;0.0;0.0;0.0;0.0;0.0;0.0;0.0;0.0;0.0;0.0;0.0;0.0;0.0;0.0;0.0;0.0;0.0
2023;ANTIOQUIA;YALI;5885.0;1.0;1.0;0.0;28.0;30.0;3.0;1.0;0.0;1.0;54.0;56.0;3.0;90.0;19.0;3.0;1800.0;1912.0;2.0;0.0;0.0;0.0;0.0;0.0;0.0;92.0;20.0;4.0;1882.0;1998.0;8.0
2023;ANTIOQUIA;YARUMAL;5887.0;20.0;7.0;2.0;221.0;250.0;31.0;35.0;12.0;3.0;861.0;911.0;28.0;226.0;48.0;14.0;5479.0;5767.0;14.0;3046.0;583.0;62.0;70206.0;73897.0;7.0;3327.0;650.0;81.0;76767.0;80825.0;80.0
2023;ANTIOQUIA;YOLOMBO;5890.0;8.0;12.0;1.0;112.0;133.0;13.0;40.0;12.0;5.0;564.0;621.0;17.0;289.0;20.0;8.0;5780.0;6097.0;11.0;3654.0;1001.0;35.0;87820.0;92510.0;15.0;3991.0;1045.0;49.0;94276.0;99361.0;56.0
2023;ANTIOQUIA;YONDO;5893.0;63.0;28.0;10.0;754.0;855.0;114.0;185.0;70.0;50.0;1830.0;2135.0;56.0;93.0;13.0;13.0;1860.0;1979.0;7.0;0.0;0.0;0.0;0.0;0.0;0.0;341.0;111.0;73.0;4444.0;4969.0;177.0
2023;ANTIOQUIA;ZARAGOZA;5895.0;9.0;1.0;0.0;63.0;73.0;8.0;29.0;3.0;5.0;261.0;298.0;5.0;10.0;43.0;5.0;200.0;258.0;1.0;0.0;0.0;0.0;0.0;0.0;0.0;48.0;47.0;10.0;524.0;629.0;14.0
2024;ANTIOQUIA;ABEJORRAL;5002.0;0.0;0.0;15.0;26.0;41.0;6.0;26.0;10.0;4.0;170.0;210.0;15.0;68.0;16.0;2.0;1023.0;1109.0;4.0;0.0;0.0;0.0;0.0;0.0;0.0;94.0;26.0;21.0;1219.0;1360.0;25.0
2024;ANTIOQUIA;ABRIAQUI;5004.0;8.0;2.0;0.0;50.0;60.0;4.0;8.0;0.0;3.0;74.0;85.0;10.0;0.0;0.0;0.0;0.0;0.0;0.0;0.0;0.0;0.0;0.0;0.0;0.0;16.0;2.0;3.0;124.0;145.0;14.0
2024;ANTIOQUIA;ALEJANDRIA;5021.0;3.0;0.0;0.0;0.0;3.0;1.0;8.0;0.0;0.0;80.0;88.0;8.0;0.0;0.0;0.0;0.0;0.0;0.0;0.0;0.0;0.0;0.0;0.0;0.0;11.0;0.0;0.0;80.0;91.0;9.0
2024;ANTIOQUIA;AMAGA;5030.0;5.0;3.0;0.0;52.0;60.0;5.0;53.0;18.0;3.0;509.0;583.0;25.0;280.0;41.0;15.0;8156.0;8492.0;13.0;680.0;201.0;20.0;20548.0;21449.0;5.0;1018.0;263.0;38.0;29265.0;30584.0;48.0
2024;ANTIOQUIA;AMALFI;5031.0;15.0;6.0;5.0;275.0;301.0;40.0;141.0;3.0;18.0;1645.0;1807.0;50.0;137.0;6.0;14.0;2625.0;2782.0;7.0;0.0;0.0;0.0;0.0;0.0;0.0;293.0;15.0;37.0;4545.0;4890.0;97.0
2024;ANTIOQUIA;ANDES;5034.0;0.0;2.0;0.0;0.0;2.0;1.0;28.0;6.0;0.0;218.0;252.0;8.0;311.0;4.0;8.0;4862.0;5185.0;5.0;550.0;98.0;27.0;12012.0;12687.0;5.0;889.0;110.0;35.0;17092.0;18126.0;19.0
2024;ANTIOQUIA;ANGELOPOLIS;5036.0;6.0;3.0;1.0;18.0;28.0;4.0;1.0;2.0;0.0;188.0;191.0;11.0;56.0;6.0;3.0;895.0;960.0;4.0;1763.0;5.0;36.0;40123.0;41927.0;2.0;1826.0;16.0;40.0;41224.0;43106.0;21.0
2024;ANTIOQUIA;ANGOSTURA;5038.0;6.0;1.0;0.0;83.0;90.0;14.0;5.0;1.0;0.0;181.0;187.0;7.0;25.0;8.0;3.0;986.0;1022.0;4.0;435.0;135.0;1.0;10102.0;10673.0;1.0;471.0;145.0;4.0;11352.0;11972.0;26.0
2024;ANTIOQUIA;ANORI;5040.0;90.0;25.0;36.0;1459.0;1610.0;293.0;140.0;23.0;14.0;1751.0;1928.0;36.0;31.0;3.0;1.0;500.0;535.0;2.0;0.0;0.0;0.0;0.0;0.0;0.0;261.0;51.0;51.0;3710.0;4073.0;331.0
2024;ANTIOQUIA;ANZA;5044.0;0.0;0.0;0.0;0.0;0.0;0.0;36.0;15.0;3.0;320.0;374.0;14.0;30.0;51.0;3.0;630.0;714.0;2.0;0.0;0.0;0.0;0.0;0.0;0.0;66.0;66.0;6.0;950.0;1088.0;16.0
2024;ANTIOQUIA;APARTADO;5045.0;138.0;26.0;47.0;4012.0;4223.0;467.0;360.0;35.0;52.0;3986.0;4433.0;122.0;180.0;15.0;16.0;3329.0;3540.0;8.0;0.0;0.0;0.0;0.0;0.0;0.0;678.0;76.0;115.0;11327.0;12196.0;597.0
2024;ANTIOQUIA;ARBOLETES;5051.0;316.0;97.0;58.0;2802.0;3273.0;495.0;186.0;16.0;40.0;1420.0;1662.0;36.0;17.0;0.0;1.0;340.0;358.0;1.0;0.0;0.0;0.0;0.0;0.0;0.0;519.0;113.0;99.0;4562.0;5293.0;532.0
2024;ANTIOQUIA;ARGELIA;5055.0;6.0;4.0;3.0;28.0;41.0;5.0;17.0;6.0;3.0;146.0;172.0;8.0;0.0;0.0;0.0;0.0;0.0;0.0;0.0;0.0;0.0;0.0;0.0;0.0;23.0;10.0;6.0;174.0;213.0;13.0
2024;ANTIOQUIA;ARMENIA;5059.0;2.0;0.0;0.0;1.0;3.0;1.0;4.0;0.0;1.0;36.0;41.0;3.0;56.0;26.0;3.0;1120.0;1205.0;2.0;325.0;95.0;24.0;6525.0;6969.0;5.0;387.0;121.0;28.0;7682.0;8218.0;11.0
2024;ANTIOQUIA;BARBOSA;5079.0;3.0;0.0;0.0;10.0;13.0;2.0;75.0;20.0;14.0;1235.0;1344.0;23.0;592.0;95.0;68.0;18562.0;19317.0;29.0;7895.0;2096.0;115.0;190653.0;200759.0;16.0;8565.0;2211.0;197.0;210460.0;221433.0;70.0
2024;ANTIOQUIA;BELLO;5088.0;8.0;3.0;9.0;13.0;33.0;4.0;19.0;15.0;9.0;852.0;895.0;13.0;985.0;100.0;46.0;21563.0;22694.0;27.0;2465.0;956.0;900.0;51965.0;56286.0;7.0;3477.0;1074.0;964.0;74393.0;79908.0;51.0
2024;ANTIOQUIA;BELMIRA;5086.0;16.0;5.0;12.0;9.0;42.0;6.0;7.0;3.0;18.0;389.0;417.0;6.0;4.0;3.0;11.0;980.0;998.0;3.0;680.0;90.0;19.0;25635.0;26424.0;2.0;707.0;101.0;60.0;27013.0;27881.0;17.0
2024;ANTIOQUIA;BETANIA;5091.0;13.0;25.0;4.0;57.0;99.0;10.0;6.0;16.0;0.0;124.0;146.0;6.0;36.0;22.0;0.0;706.0;764.0;1.0;825.0;246.0;29.0;13562.0;14662.0;2.0;880.0;309.0;33.0;14449.0;15671.0;19.0
2024;ANTIOQUIA;BETULIA;5093.0;38.0;2.0;8.0;34.0;82.0;11.0;25.0;3.0;15.0;89.0;132.0;8.0;19.0;28.0;8.0;221.0;276.0;2.0;269.0;42.0;18.0;49021.0;49350.0;1.0;351.0;75.0;49.0;49365.0;49840.0;22.0
2024;ANTIOQUIA;BRICEÑO;5107.0;16.0;0.0;5.0;84.0;105.0;12.0;75.0;2.0;6.0;562.0;645.0;10.0;6.0;1.0;0.0;51.0;58.0;1.0;0.0;0.0;0.0;0.0;0.0;0.0;97.0;3.0;11.0;697.0;808.0;23.0
2024;ANTIOQUIA;BURITICA;5113.0;8.0;2.0;4.0;19.0;33.0;5.0;25.0;5.0;8.0;164.0;202.0;5.0;59.0;6.0;9.0;1224.0;1298.0;3.0;0.0;0.0;0.0;0.0;0.0;0.0;92.0;13.0;21.0;1407.0;1533.0;13.0
2024;ANTIOQUIA;CACERES;5120.0;215.0;30.0;42.0;2365.0;2652.0;324.0;226.0;21.0;38.0;2090.0;2375.0;63.0;163.0;12.0;17.0;3965.0;4157.0;6.0;0.0;0.0;0.0;0.0;0.0;0.0;604.0;63.0;97.0;8420.0;9184.0;393.0
2024;ANTIOQUIA;CAICEDO;5125.0;8.0;6.0;2.0;28.0;44.0;8.0;22.0;9.0;3.0;160.0;194.0;8.0;24.0;2.0;3.0;260.0;289.0;1.0;0.0;0.0;0.0;0.0;0.0;0.0;54.0;17.0;8.0;448.0;527.0;17.0
2024;ANTIOQUIA;CALDAS;5129.0;1.0;0.0;2.0;0.0;3.0;1.0;23.0;3.0;2.0;256.0;284.0;15.0;312.0;46.0;15.0;7025.0;7398.0;10.0;3215.0;460.0;52.0;73256.0;76983.0;11.0;3551.0;509.0;71.0;80537.0;84668.0;37.0
2024;ANTIOQUIA;CAMPAMENTO;5134.0;25.0;12.0;3.0;215.0;255.0;31.0;31.0;7.0;9.0;236.0;283.0;8.0;19.0;2.0;6.0;285.0;312.0;1.0;0.0;0.0;0.0;0.0;0.0;0.0;75.0;21.0;18.0;736.0;850.0;40.0
2024;ANTIOQUIA;CARACOLI;5142.0;12.0;6.0;3.0;73.0;94.0;11.0;31.0;9.0;7.0;298.0;345.0;15.0;42.0;9.0;8.0;726.0;785.0;3.0;0.0;0.0;0.0;0.0;0.0;0.0;85.0;24.0;18.0;1097.0;1224.0;29.0
2024;ANTIOQUIA;CARAMANTA;5145.0;2.0;1.0;0.0;30.0;33.0;6.0;9.0;1.0;0.0;72.0;82.0;6.0;38.0;0.0;0.0;630.0;668.0;1.0;125.0;0.0;3.0;2298.0;2426.0;1.0;174.0;2.0;3.0;3030.0;3209.0;14.0
2024;ANTIOQUIA;CAREPA;5147.0;98.0;25.0;14.0;793.0;930.0;138.0;133.0;35.0;38.0;1235.0;1441.0;40.0;165.0;25.0;26.0;3012.0;3228.0;11.0;0.0;0.0;0.0;0.0;0.0;0.0;396.0;85.0;78.0;5040.0;5599.0;189.0
2024;ANTIOQUIA;CAROLINA;5150.0;1.0;0.0;0.0;16.0;17.0;3.0;1.0;2.0;0.0;85.0;88.0;18.0;29.0;5.0;0.0;582.0;616.0;2.0;562.0;51.0;9.0;18256.0;18878.0;3.0;593.0;58.0;9.0;18939.0;19599.0;26.0
2024;ANTIOQUIA;CAUCASIA;5154.0;165.0;67.0;39.0;1712.0;1983.0;223.0;289.0;63.0;20.0;2403.0;2775.0;87.0;160.0;14.0;24.0;3218.0;3416.0;10.0;0.0;0.0;0.0;0.0;0.0;0.0;614.0;144.0;83.0;7333.0;8174.0;320.0
2024;ANTIOQUIA;CAÑASGORDAS;5138.0;72.0;23.0;14.0;651.0;760.0;100.0;123.0;26.0;16.0;1236.0;1401.0;31.0;58.0;16.0;8.0;894.0;976.0;4.0;0.0;0.0;0.0;0.0;0.0;0.0;253.0;65.0;38.0;2781.0;3137.0;135.0
2024;ANTIOQUIA;CHIGORODO;5172.0;234.0;196.0;26.0;2209.0;2665.0;259.0;758.0;85.0;56.0;2998.0;3897.0;94.0;162.0;95.0;36.0;3856.0;4149.0;8.0;156.0;15.0;3.0;18359.0;18533.0;1.0;1310.0;391.0;121.0;27422.0;29244.0;362.0
2024;ANTIOQUIA;CISNEROS;5190.0;5.0;0.0;0.0;36.0;41.0;8.0;8.0;0.0;0.0;89.0;97.0;8.0;60.0;30.0;1.0;1309.0;1400.0;2.0;112.0;15.0;5.0;2256.0;2388.0;1.0;185.0;45.0;6.0;3690.0;3926.0;19.0
2024;ANTIOQUIA;CIUDAD BOLIVAR;5101.0;26.0;12.0;2.0;392.0;432.0;44.0;140.0;5.0;9.0;925.0;1079.0;28.0;95.0;36.0;16.0;2126.0;2273.0;6.0;1.0;3.0;0.0;0.0;4.0;1.0;262.0;56.0;27.0;3443.0;3788.0;79.0
2024;ANTIOQUIA;COCORNA;5197.0;39.0;16.0;16.0;326.0;397.0;47.0;146.0;24.0;32.0;1342.0;1544.0;50.0;72.0;5.0;3.0;656.0;736.0;3.0;109.0;8.0;6.0;2125.0;2248.0;1.0;366.0;53.0;57.0;4449.0;4925.0;101.0
2024;ANTIOQUIA;CONCEPCION;5206.0;4.0;2.0;1.0;53.0;60.0;8.0;30.0;4.0;6.0;189.0;229.0;4.0;0.0;0.0;0.0;0.0;0.0;0.0;0.0;0.0;0.0;0.0;0.0;0.0;34.0;6.0;7.0;242.0;289.0;12.0
2024;ANTIOQUIA;CONCORDIA;5209.0;0.0;0.0;0.0;0.0;0.0;0.0;0.0;0.0;0.0;80.0;80.0;12.0;201.0;35.0;16.0;3263.0;3515.0;3.0;3265.0;686.0;72.0;76542.0;80565.0;7.0;3466.0;721.0;88.0;79885.0;84160.0;22.0
2024;ANTIOQUIA;COPACABANA;5212.0;0.0;0.0;0.0;0.0;0.0;0.0;30.0;3.0;0.0;296.0;329.0;45.0;395.0;156.0;49.0;8023.0;8623.0;17.0;391.0;1012.0;9.0;10124.0;11536.0;3.0;816.0;1171.0;58.0;18443.0;20488.0;65.0
2024;ANTIOQUIA;DABEIBA;5234.0;9.0;2.0;2.0;38.0;51.0;9.0;24.0;4.0;6.0;158.0;192.0;60.0;24.0;0.0;3.0;268.0;295.0;1.0;0.0;0.0;0.0;0.0;0.0;0.0;57.0;6.0;11.0;464.0;538.0;70.0
2024;ANTIOQUIA;DONMATIAS;5237.0;1.0;56.0;0.0;2.0;59.0;11.0;30.0;1.0;2.0;1452.0;1485.0;57.0;259.0;67.0;18.0;15236.0;15580.0;45.0;7235.0;526.0;75.0;315625.0;323461.0;40.0;7525.0;650.0;95.0;332315.0;340585.0;153.0
2024;ANTIOQUIA;EBEJICO;5240.0;28.0;2.0;0.0;221.0;251.0;24.0;192.0;24.0;6.0;2654.0;2876.0;46.0;190.0;39.0;16.0;3865.0;4110.0;5.0;7570.0;1370.0;148.0;256127.0;265215.0;2.0;7980.0;1435.0;170.0;262867.0;272452.0;77.0
2024;ANTIOQUIA;EL BAGRE;5250.0;4.0;10.0;3.0;102.0;119.0;15.0;38.0;15.0;10.0;186.0;249.0;20.0;0.0;0.0;0.0;145.0;145.0;1.0;2019.0;36.0;6.0;2236.0;4297.0;1.0;2061.0;61.0;19.0;2669.0;4810.0;37.0
2024;ANTIOQUIA;EL CARMEN DE VIBORAL;5148.0;0.0;0.0;0.0;18.0;18.0;2.0;18.0;6.0;6.0;721.0;751.0;23.0;56.0;40.0;15.0;890.0;1001.0;2.0;0.0;0.0;0.0;0.0;0.0;0.0;74.0;46.0;21.0;1629.0;1770.0;27.0
2024;ANTIOQUIA;EL SANTUARIO;5697.0;6.0;0.0;2.0;62.0;70.0;8.0;36.0;3.0;9.0;346.0;394.0;6.0;86.0;6.0;8.0;892.0;992.0;2.0;856.0;96.0;12.0;18257.0;19221.0;4.0;984.0;105.0;31.0;19557.0;20677.0;20.0
2024;ANTIOQUIA;ENTRERRIOS;5264.0;0.0;689.0;623.0;96.0;1408.0;138.0;10.0;1.0;0.0;812.0;823.0;40.0;0.0;0.0;0.0;2245.0;2245.0;7.0;2480.0;190.0;49.0;65256.0;67975.0;9.0;2490.0;880.0;672.0;68409.0;72451.0;194.0
2024;ANTIOQUIA;ENVIGADO;5266.0;0.0;0.0;0.0;0.0;0.0;0.0;8.0;0.0;0.0;109.0;117.0;26.0;24.0;19.0;2.0;284.0;329.0;1.0;1253.0;235.0;16.0;96534.0;98038.0;2.0;1285.0;254.0;18.0;96927.0;98484.0;29.0
2024;ANTIOQUIA;FREDONIA;5282.0;14.0;1.0;0.0;86.0;101.0;15.0;63.0;18.0;12.0;698.0;791.0;38.0;370.0;48.0;32.0;8023.0;8473.0;15.0;1256.0;260.0;35.0;41236.0;42787.0;7.0;1703.0;327.0;79.0;50043.0;52152.0;75.0
2024;ANTIOQUIA;FRONTINO;5284.0;0.0;0.0;0.0;12.0;12.0;3.0;28.0;8.0;0.0;209.0;245.0;7.0;0.0;0.0;0.0;0.0;0.0;0.0;295.0;65.0;2.0;6652.0;7014.0;1.0;323.0;73.0;2.0;6873.0;7271.0;11.0
2024;ANTIOQUIA;GIRALDO;5306.0;4.0;0.0;0.0;71.0;75.0;11.0;41.0;1.0;12.0;265.0;319.0;6.0;0.0;0.0;0.0;0.0;0.0;0.0;0.0;0.0;0.0;0.0;0.0;0.0;45.0;1.0;12.0;336.0;394.0;17.0
2024;ANTIOQUIA;GIRARDOTA;5308.0;0.0;0.0;0.0;0.0;0.0;0.0;62.0;3.0;22.0;490.0;577.0;11.0;320.0;190.0;25.0;7956.0;8491.0;24.0;3964.0;506.0;45.0;57759.0;62274.0;8.0;4346.0;699.0;92.0;66205.0;71342.0;43.0
2024;ANTIOQUIA;GOMEZ PLATA;5310.0;0.0;0.0;31.0;102.0;133.0;12.0;0.0;0.0;25.0;350.0;375.0;8.0;29.0;13.0;1.0;1002.0;1045.0;2.0;1023.0;956.0;490.0;26452.0;28921.0;3.0;1052.0;969.0;547.0;27906.0;30474.0;25.0
2024;ANTIOQUIA;GRANADA;5313.0;1.0;0.0;0.0;28.0;29.0;6.0;3.0;0.0;0.0;80.0;83.0;3.0;36.0;0.0;2.0;526.0;564.0;3.0;120.0;17.0;4.0;2425.0;2566.0;1.0;160.0;17.0;6.0;3059.0;3242.0;13.0
2024;ANTIOQUIA;GUADALUPE;5315.0;0.0;0.0;0.0;0.0;0.0;0.0;9.0;0.0;0.0;68.0;77.0;2.0;5.0;1.0;0.0;200.0;206.0;1.0;0.0;0.0;0.0;0.0;0.0;0.0;14.0;1.0;0.0;268.0;283.0;3.0
2024;ANTIOQUIA;GUARNE;5318.0;0.0;0.0;0.0;15.0;15.0;3.0;35.0;9.0;3.0;400.0;447.0;8.0;82.0;45.0;4.0;1431.0;1562.0;4.0;1470.0;225.0;41.0;46523.0;48259.0;11.0;1587.0;279.0;48.0;48369.0;50283.0;26.0
2024;ANTIOQUIA;GUATAPE;5321.0;0.0;0.0;0.0;0.0;0.0;0.0;0.0;0.0;0.0;56.0;56.0;4.0;69.0;12.0;9.0;2037.0;2127.0;1.0;0.0;0.0;0.0;0.0;0.0;0.0;69.0;12.0;9.0;2093.0;2183.0;5.0
2024;ANTIOQUIA;HELICONIA;5347.0;0.0;0.0;0.0;0.0;0.0;0.0;8.0;0.0;0.0;106.0;114.0;6.0;35.0;4.0;0.0;760.0;799.0;3.0;212.0;32.0;8.0;4676.0;4928.0;2.0;255.0;36.0;8.0;5542.0;5841.0;11.0
2024;ANTIOQUIA;HISPANIA;5353.0;4.0;7.0;0.0;10.0;21.0;4.0;6.0;0.0;0.0;26.0;32.0;1.0;38.0;0.0;0.0;615.0;653.0;1.0;236.0;20.0;9.0;3798.0;4063.0;1.0;284.0;27.0;9.0;4449.0;4769.0;7.0
2024;ANTIOQUIA;ITAGUI;5360.0;0.0;0.0;0.0;0.0;0.0;0.0;32.0;24.0;8.0;245.0;309.0;8.0;18.0;0.0;4.0;360.0;382.0;1.0;0.0;0.0;0.0;0.0;0.0;0.0;50.0;24.0;12.0;605.0;691.0;9.0
2024;ANTIOQUIA;ITUANGO;5361.0;0.0;0.0;0.0;23.0;23.0;5.0;34.0;0.0;3.0;194.0;231.0;7.0;41.0;12.0;3.0;820.0;876.0;3.0;0.0;0.0;0.0;0.0;0.0;0.0;75.0;12.0;6.0;1037.0;1130.0;15.0
2024;ANTIOQUIA;JARDIN;5364.0;0.0;0.0;0.0;10.0;10.0;2.0;63.0;41.0;16.0;475.0;595.0;11.0;57.0;24.0;6.0;1090.0;1177.0;3.0;0.0;0.0;0.0;0.0;0.0;0.0;120.0;65.0;22.0;1575.0;1782.0;16.0
2024;ANTIOQUIA;JERICO;5368.0;28.0;9.0;3.0;206.0;246.0;26.0;50.0;18.0;3.0;381.0;452.0;12.0;20.0;16.0;1.0;564.0;601.0;2.0;1589.0;281.0;37.0;35324.0;37231.0;3.0;1687.0;324.0;44.0;36475.0;38530.0;43.0
2024;ANTIOQUIA;LA CEJA;5376.0;0.0;0.0;0.0;0.0;0.0;0.0;0.0;0.0;0.0;75.0;75.0;8.0;80.0;42.0;15.0;1602.0;1739.0;2.0;895.0;62.0;19.0;16012.0;16988.0;2.0;975.0;104.0;34.0;17689.0;18802.0;12.0
2024;ANTIOQUIA;LA ESTRELLA;5380.0;0.0;0.0;0.0;0.0;0.0;0.0;10.0;0.0;0.0;86.0;96.0;11.0;58.0;1.0;6.0;1612.0;1677.0;3.0;0.0;0.0;0.0;0.0;0.0;0.0;68.0;1.0;6.0;1698.0;1773.0;14.0
2024;ANTIOQUIA;LA PINTADA;5390.0;26.0;2.0;0.0;387.0;415.0;57.0;35.0;12.0;0.0;332.0;379.0;15.0;0.0;0.0;0.0;41227.0;41227.0;10.0;0.0;0.0;0.0;0.0;0.0;0.0;61.0;14.0;0.0;41946.0;42021.0;82.0
2024;ANTIOQUIA;LA UNION;5400.0;0.0;0.0;0.0;15.0;15.0;3.0;0.0;0.0;0.0;95.0;95.0;8.0;0.0;0.0;0.0;0.0;0.0;0.0;93.0;19.0;6.0;1786.0;1904.0;1.0;93.0;19.0;6.0;1896.0;2014.0;12.0
2024;ANTIOQUIA;LIBORINA;5411.0;18.0;2.0;0.0;62.0;82.0;13.0;58.0;8.0;7.0;635.0;708.0;17.0;32.0;21.0;2.0;512.0;567.0;2.0;140.0;59.0;2.0;2813.0;3014.0;1.0;248.0;90.0;11.0;4022.0;4371.0;33.0
2024;ANTIOQUIA;MACEO;5425.0;22.0;9.0;4.0;196.0;231.0;26.0;49.0;35.0;1.0;485.0;570.0;15.0;67.0;16.0;9.0;1600.0;1692.0;4.0;158.0;8.0;3.0;3521.0;3690.0;1.0;296.0;68.0;17.0;5802.0;6183.0;46.0
2024;ANTIOQUIA;MARINILLA;5440.0;3.0;0.0;1.0;64.0;68.0;8.0;26.0;2.0;1.0;365.0;394.0;7.0;292.0;36.0;14.0;5716.0;6058.0;11.0;1210.0;208.0;18.0;60325.0;61761.0;6.0;1531.0;246.0;34.0;66470.0;68281.0;32.0
2024;ANTIOQUIA;MEDELLIN;5001.0;0.0;0.0;0.0;0.0;0.0;0.0;42.0;35.0;5.0;390.0;472.0;20.0;680.0;120.0;25.0;14215.0;15040.0;26.0;6906.0;878.0;90.0;156904.0;164778.0;24.0;7628.0;1033.0;120.0;171509.0;180290.0;70.0
2024;ANTIOQUIA;MONTEBELLO;5467.0;0.0;0.0;0.0;86.0;86.0;12.0;13.0;9.0;0.0;125.0;147.0;5.0;0.0;0.0;0.0;42635.0;42635.0;13.0;0.0;0.0;0.0;0.0;0.0;0.0;13.0;9.0;0.0;42846.0;42868.0;30.0
2024;ANTIOQUIA;MURINDO;5475.0;0.0;0.0;0.0;0.0;0.0;0.0;0.0;0.0;0.0;0.0;0.0;0.0;0.0;0.0;0.0;0.0;0.0;0.0;0.0;0.0;0.0;0.0;0.0;0.0;0.0;0.0;0.0;0.0;0.0;0.0
2024;ANTIOQUIA;MUTATA;5480.0;91.0;30.0;17.0;834.0;972.0;125.0;286.0;126.0;69.0;2836.0;3317.0;90.0;194.0;28.0;20.0;6859.0;7101.0;11.0;134.0;7.0;3.0;3657.0;3801.0;1.0;705.0;191.0;109.0;14186.0;15191.0;227.0
2024;ANTIOQUIA;NARIÑO;5483.0;3.0;0.0;4.0;14.0;21.0;5.0;8.0;2.0;3.0;62.0;75.0;5.0;16.0;9.0;2.0;235.0;262.0;1.0;0.0;0.0;0.0;0.0;0.0;0.0;27.0;11.0;9.0;311.0;358.0;11.0
2024;ANTIOQUIA;NECHI;5495.0;135.0;4.0;0.0;826.0;965.0;90.0;526.0;36.0;30.0;4763.0;5355.0;89.0;112.0;0.0;0.0;2135.0;2247.0;9.0;0.0;0.0;0.0;0.0;0.0;0.0;773.0;40.0;30.0;7724.0;8567.0;188.0
2024;ANTIOQUIA;NECOCLI;5490.0;1146.0;285.0;240.0;8312.0;9983.0;1134.0;636.0;119.0;163.0;8164.0;9082.0;161.0;180.0;56.0;30.0;3526.0;3792.0;11.0;134.0;4.0;1.0;2816.0;2955.0;1.0;2096.0;464.0;434.0;22818.0;25812.0;1307.0
2024;ANTIOQUIA;OLAYA;5501.0;0.0;0.0;0.0;0.0;0.0;0.0;3.0;1.0;0.0;18.0;22.0;1.0;0.0;0.0;0.0;0.0;0.0;0.0;0.0;0.0;0.0;0.0;0.0;0.0;3.0;1.0;0.0;18.0;22.0;1.0
2024;ANTIOQUIA;PEQUE;5543.0;8.0;0.0;0.0;79.0;87.0;13.0;26.0;1.0;1.0;231.0;259.0;8.0;96.0;3.0;8.0;1649.0;1756.0;4.0;0.0;0.0;0.0;0.0;0.0;0.0;130.0;4.0;9.0;1959.0;2102.0;25.0
2024;ANTIOQUIA;PEÑOL;5541.0;1.0;0.0;0.0;20.0;21.0;4.0;9.0;1.0;1.0;326.0;337.0;9.0;65.0;0.0;6.0;1427.0;1498.0;4.0;0.0;0.0;0.0;0.0;0.0;0.0;75.0;1.0;7.0;1773.0;1856.0;17.0
2024;ANTIOQUIA;PUEBLORRICO;5576.0;32.0;15.0;1.0;141.0;189.0;18.0;72.0;12.0;9.0;645.0;738.0;19.0;86.0;26.0;9.0;1516.0;1637.0;3.0;0.0;0.0;0.0;0.0;0.0;0.0;190.0;53.0;19.0;2302.0;2564.0;40.0
2024;ANTIOQUIA;PUERTO BERRIO;5579.0;10.0;16.0;0.0;146.0;172.0;22.0;102.0;49.0;26.0;912.0;1089.0;34.0;53.0;0.0;3.0;896.0;952.0;3.0;623.0;166.0;9.0;26352.0;27150.0;1.0;788.0;231.0;38.0;28306.0;29363.0;60.0
2024;ANTIOQUIA;PUERTO NARE;5585.0;86.0;18.0;16.0;967.0;1087.0;172.0;89.0;7.0;36.0;836.0;968.0;25.0;37.0;14.0;8.0;926.0;985.0;2.0;0.0;0.0;0.0;0.0;0.0;0.0;212.0;39.0;60.0;2729.0;3040.0;199.0
2024;ANTIOQUIA;PUERTO TRIUNFO;5591.0;55.0;16.0;0.0;496.0;567.0;101.0;35.0;20.0;9.0;321.0;385.0;11.0;0.0;0.0;0.0;0.0;0.0;0.0;0.0;0.0;0.0;0.0;0.0;0.0;90.0;36.0;9.0;817.0;952.0;112.0
2024;ANTIOQUIA;REMEDIOS;5604.0;63.0;19.0;15.0;697.0;794.0;103.0;132.0;43.0;28.0;1103.0;1306.0;35.0;212.0;8.0;20.0;3826.0;4066.0;9.0;0.0;0.0;0.0;0.0;0.0;0.0;407.0;70.0;63.0;5626.0;6166.0;147.0
2024;ANTIOQUIA;RETIRO;5607.0;0.0;0.0;0.0;0.0;0.0;0.0;0.0;0.0;0.0;28.0;28.0;2.0;52.0;1.0;12.0;836.0;901.0;2.0;736.0;49.0;62.0;16995.0;17842.0;3.0;788.0;50.0;74.0;17859.0;18771.0;7.0
2024;ANTIOQUIA;RIONEGRO;5615.0;0.0;0.0;0.0;30.0;30.0;4.0;11.0;0.0;0.0;145.0;156.0;8.0;186.0;23.0;18.0;3806.0;4033.0;7.0;1268.0;115.0;18.0;21427.0;22828.0;2.0;1465.0;138.0;36.0;25408.0;27047.0;21.0
2024;ANTIOQUIA;SABANALARGA;5628.0;0.0;0.0;0.0;10.0;10.0;2.0;26.0;0.0;4.0;213.0;243.0;12.0;0.0;0.0;0.0;0.0;0.0;0.0;0.0;0.0;0.0;0.0;0.0;0.0;26.0;0.0;4.0;223.0;253.0;14.0
2024;ANTIOQUIA;SABANETA;5631.0;0.0;0.0;0.0;0.0;0.0;0.0;0.0;0.0;0.0;57.0;57.0;5.0;0.0;0.0;0.0;0.0;0.0;0.0;0.0;0.0;0.0;0.0;0.0;0.0;0.0;0.0;0.0;57.0;57.0;5.0
2024;ANTIOQUIA;SALGAR;5642.0;39.0;17.0;0.0;318.0;374.0;45.0;68.0;9.0;1.0;816.0;894.0;30.0;32.0;0.0;3.0;658.0;693.0;3.0;452.0;54.0;3.0;15136.0;15645.0;3.0;591.0;80.0;7.0;16928.0;17606.0;81.0
2024;ANTIOQUIA;SAN ANDRES DE CUERQUIA;5647.0;6.0;0.0;0.0;30.0;36.0;6.0;0.0;0.0;0.0;84.0;84.0;5.0;65.0;0.0;0.0;1236.0;1301.0;3.0;0.0;0.0;0.0;0.0;0.0;0.0;71.0;0.0;0.0;1350.0;1421.0;14.0
2024;ANTIOQUIA;SAN CARLOS;5649.0;13.0;0.0;0.0;35.0;48.0;12.0;36.0;2.0;7.0;368.0;413.0;11.0;18.0;6.0;2.0;605.0;631.0;1.0;0.0;0.0;0.0;0.0;0.0;0.0;67.0;8.0;9.0;1008.0;1092.0;24.0
2024;ANTIOQUIA;SAN FRANCISCO;5652.0;26.0;6.0;1.0;245.0;278.0;29.0;56.0;13.0;25.0;490.0;584.0;15.0;32.0;0.0;11.0;426.0;469.0;1.0;0.0;0.0;0.0;0.0;0.0;0.0;114.0;19.0;37.0;1161.0;1331.0;45.0
2024;ANTIOQUIA;SAN JERONIMO;5656.0;0.0;0.0;0.0;0.0;0.0;0.0;6.0;0.0;0.0;50.0;56.0;2.0;0.0;0.0;0.0;165.0;165.0;1.0;0.0;0.0;0.0;0.0;0.0;0.0;6.0;0.0;0.0;215.0;221.0;3.0
2024;ANTIOQUIA;SAN JOSE DE LA MONTAÑA;5658.0;0.0;0.0;0.0;0.0;0.0;0.0;0.0;0.0;0.0;0.0;0.0;0.0;102.0;0.0;0.0;1632.0;1734.0;3.0;0.0;0.0;0.0;0.0;0.0;0.0;102.0;0.0;0.0;1632.0;1734.0;3.0
2024;ANTIOQUIA;SAN JUAN DE URABA;5659.0;312.0;96.0;58.0;2468.0;2934.0;364.0;297.0;41.0;65.0;2563.0;2966.0;64.0;52.0;29.0;14.0;963.0;1058.0;3.0;0.0;0.0;0.0;0.0;0.0;0.0;661.0;166.0;137.0;5994.0;6958.0;431.0
2024;ANTIOQUIA;SAN LUIS;5660.0;39.0;2.0;5.0;468.0;514.0;77.0;115.0;12.0;18.0;1133.0;1278.0;32.0;11.0;0.0;2.0;220.0;233.0;1.0;0.0;0.0;0.0;0.0;0.0;0.0;165.0;14.0;25.0;1821.0;2025.0;110.0
2024;ANTIOQUIA;SAN PEDRO DE LOS MILAGROS;5664.0;2.0;1.0;0.0;31.0;34.0;4.0;0.0;0.0;0.0;2115.0;2115.0;57.0;0.0;0.0;0.0;7125.0;7125.0;32.0;4035.0;572.0;58.0;123526.0;128191.0;19.0;4037.0;573.0;58.0;132797.0;137465.0;112.0
2024;ANTIOQUIA;SAN PEDRO DE URABA;5665.0;415.0;74.0;89.0;6234.0;6812.0;520.0;246.0;26.0;62.0;2385.0;2719.0;69.0;156.0;56.0;26.0;2852.0;3090.0;7.0;0.0;0.0;0.0;0.0;0.0;0.0;817.0;156.0;177.0;11471.0;12621.0;596.0
2024;ANTIOQUIA;SAN RAFAEL;5667.0;5.0;2.0;0.0;0.0;7.0;0.0;10.0;8.0;2.0;60.0;80.0;8.0;65.0;24.0;9.0;916.0;1014.0;2.0;0.0;0.0;0.0;0.0;0.0;0.0;80.0;34.0;11.0;976.0;1101.0;10.0
2024;ANTIOQUIA;SAN ROQUE;5670.0;36.0;15.0;0.0;369.0;420.0;40.0;236.0;46.0;36.0;2657.0;2975.0;58.0;219.0;68.0;42.0;4652.0;4981.0;9.0;1756.0;214.0;25.0;27235.0;29230.0;5.0;2247.0;343.0;103.0;34913.0;37606.0;112.0
2024;ANTIOQUIA;SAN VICENTE FERRER;5674.0;9.0;0.0;0.0;46.0;55.0;7.0;50.0;6.0;3.0;245.0;304.0;7.0;236.0;32.0;25.0;4825.0;5118.0;9.0;0.0;0.0;0.0;41056.0;41056.0;0.0;295.0;38.0;28.0;46172.0;46533.0;23.0
2024;ANTIOQUIA;SANTA BARBARA;5679.0;23.0;8.0;0.0;523.0;554.0;66.0;95.0;7.0;16.0;967.0;1085.0;23.0;294.0;52.0;39.0;5642.0;6027.0;11.0;1789.0;84.0;36.0;33326.0;35235.0;5.0;2201.0;151.0;91.0;40458.0;42901.0;105.0
2024;ANTIOQUIA;SANTAFE DE ANTIOQUIA;5042.0;0.0;0.0;0.0;0.0;0.0;0.0;8.0;0.0;0.0;22.0;30.0;2.0;0.0;0.0;0.0;140.0;140.0;1.0;0.0;0.0;0.0;0.0;0.0;0.0;8.0;0.0;0.0;162.0;170.0;3.0
2024;ANTIOQUIA;SANTA ROSA DE OSOS;5686.0;0.0;0.0;0.0;116.0;116.0;15.0;23.0;1.0;0.0;1442.0;1466.0;30.0;165.0;146.0;23.0;12864.0;13198.0;41.0;7568.0;806.0;108.0;265359.0;273841.0;32.0;7756.0;953.0;131.0;279781.0;288621.0;118.0
2024;ANTIOQUIA;SANTO DOMINGO;5690.0;4.0;3.0;0.0;39.0;46.0;7.0;31.0;2.0;8.0;296.0;337.0;6.0;495.0;95.0;65.0;10235.0;10890.0;15.0;4625.0;596.0;68.0;10495.0;15784.0;10.0;5155.0;696.0;141.0;21065.0;27057.0;38.0
2024;ANTIOQUIA;SEGOVIA;5736.0;69.0;23.0;14.0;426.0;532.0;62.0;96.0;56.0;36.0;1002.0;1190.0;26.0;26.0;9.0;3.0;291.0;329.0;1.0;0.0;0.0;0.0;0.0;0.0;0.0;191.0;88.0;53.0;1719.0;2051.0;89.0
2024;ANTIOQUIA;SONSON;5756.0;89.0;19.0;0.0;685.0;793.0;121.0;89.0;63.0;24.0;1005.0;1181.0;35.0;140.0;6.0;6.0;3658.0;3810.0;6.0;69.0;0.0;4.0;1365.0;1438.0;1.0;387.0;88.0;34.0;6713.0;7222.0;163.0
2024;ANTIOQUIA;SOPETRAN;5761.0;0.0;0.0;0.0;0.0;0.0;0.0;26.0;10.0;2.0;263.0;301.0;4.0;26.0;0.0;4.0;461.0;491.0;2.0;0.0;0.0;0.0;0.0;0.0;0.0;52.0;10.0;6.0;724.0;792.0;6.0
2024;ANTIOQUIA;TAMESIS;5789.0;85.0;20.0;2.0;714.0;821.0;98.0;72.0;5.0;0.0;841.0;918.0;26.0;44.0;3.0;1.0;880.0;928.0;2.0;2306.0;12.0;39.0;56328.0;58685.0;3.0;2507.0;40.0;42.0;58763.0;61352.0;129.0
2024;ANTIOQUIA;TARAZA;5790.0;61.0;13.0;20.0;736.0;830.0;107.0;156.0;45.0;32.0;1562.0;1795.0;45.0;65.0;0.0;2.0;2365.0;2432.0;2.0;0.0;0.0;0.0;0.0;0.0;0.0;282.0;58.0;54.0;4663.0;5057.0;154.0
2024;ANTIOQUIA;TARSO;5792.0;26.0;9.0;0.0;96.0;131.0;11.0;16.0;1.0;0.0;68.0;85.0;3.0;0.0;0.0;0.0;0.0;0.0;0.0;0.0;0.0;0.0;0.0;0.0;0.0;42.0;10.0;0.0;164.0;216.0;14.0
2024;ANTIOQUIA;TITIRIBI;5809.0;1.0;1.0;0.0;83.0;85.0;4.0;12.0;0.0;0.0;425.0;437.0;5.0;68.0;10.0;2.0;760.0;840.0;1.0;503.0;65.0;12.0;12036.0;12616.0;4.0;584.0;76.0;14.0;13304.0;13978.0;14.0
2024;ANTIOQUIA;TOLEDO;5819.0;9.0;0.0;0.0;78.0;87.0;5.0;18.0;0.0;0.0;235.0;253.0;5.0;0.0;0.0;0.0;0.0;0.0;0.0;0.0;0.0;0.0;0.0;0.0;0.0;27.0;0.0;0.0;313.0;340.0;10.0
2024;ANTIOQUIA;TURBO;5837.0;656.0;200.0;109.0;8236.0;9201.0;654.0;1234.0;225.0;196.0;10235.0;11890.0;281.0;563.0;39.0;56.0;12365.0;13023.0;33.0;196.0;0.0;6.0;4563.0;4765.0;1.0;2649.0;464.0;367.0;35399.0;38879.0;969.0
2024;ANTIOQUIA;URAMITA;5842.0;0.0;0.0;0.0;15.0;15.0;2.0;2.0;0.0;0.0;90.0;92.0;4.0;2.0;0.0;0.0;40.0;42.0;1.0;0.0;0.0;0.0;0.0;0.0;0.0;4.0;0.0;0.0;145.0;149.0;7.0
2024;ANTIOQUIA;URRAO;5847.0;12.0;0.0;0.0;201.0;213.0;27.0;44.0;4.0;4.0;656.0;708.0;20.0;515.0;4.0;20.0;10300.0;10839.0;15.0;578.0;121.0;10.0;13132.0;13841.0;6.0;1149.0;129.0;34.0;24289.0;25601.0;68.0
2024;ANTIOQUIA;VALDIVIA;5854.0;84.0;15.0;6.0;752.0;857.0;116.0;126.0;15.0;24.0;1239.0;1404.0;37.0;18.0;0.0;0.0;360.0;378.0;2.0;0.0;0.0;0.0;0.0;0.0;0.0;228.0;30.0;30.0;2351.0;2639.0;155.0
2024;ANTIOQUIA;VALPARAISO;5856.0;1.0;0.0;0.0;24.0;25.0;4.0;4.0;0.0;0.0;146.0;150.0;4.0;85.0;9.0;0.0;2936.0;3030.0;2.0;555.0;125.0;5.0;12609.0;13294.0;2.0;645.0;134.0;5.0;15715.0;16499.0;12.0
2024;ANTIOQUIA;VEGACHI;5858.0;12.0;7.0;3.0;138.0;160.0;19.0;52.0;36.0;11.0;536.0;635.0;13.0;39.0;5.0;4.0;930.0;978.0;4.0;0.0;0.0;0.0;0.0;0.0;0.0;103.0;48.0;18.0;1604.0;1773.0;36.0
2024;ANTIOQUIA;VENECIA;5861.0;0.0;0.0;0.0;0.0;0.0;0.0;0.0;0.0;0.0;25.0;25.0;2.0;27.0;0.0;1.0;540.0;568.0;1.0;0.0;0.0;0.0;0.0;0.0;0.0;27.0;0.0;1.0;565.0;593.0;3.0
2024;ANTIOQUIA;VIGIA DEL FUERTE;5873.0;0.0;0.0;0.0;0.0;0.0;0.0;0.0;0.0;0.0;0.0;0.0;0.0;0.0;0.0;0.0;0.0;0.0;0.0;0.0;0.0;0.0;0.0;0.0;0.0;0.0;0.0;0.0;0.0;0.0;0.0
2024;ANTIOQUIA;YALI;5885.0;1.0;1.0;0.0;28.0;30.0;3.0;1.0;0.0;1.0;54.0;56.0;4.0;90.0;19.0;3.0;2302.0;2414.0;2.0;0.0;0.0;0.0;0.0;0.0;0.0;92.0;20.0;4.0;2384.0;2500.0;9.0
2024;ANTIOQUIA;YARUMAL;5887.0;65.0;8.0;6.0;276.0;355.0;40.0;112.0;46.0;9.0;1265.0;1432.0;28.0;388.0;60.0;56.0;6257.0;6761.0;14.0;4235.0;789.0;98.0;88090.0;93212.0;7.0;4800.0;903.0;169.0;95888.0;101760.0;89.0
2024;ANTIOQUIA;YOLOMBO;5890.0;8.0;19.0;3.0;325.0;355.0;52.0;80.0;35.0;15.0;1657.0;1787.0;17.0;356.0;36.0;30.0;8659.0;9081.0;11.0;4865.0;2365.0;63.0;126235.0;133528.0;15.0;5309.0;2455.0;111.0;136876.0;144751.0;95.0
2024;ANTIOQUIA;YONDO;5893.0;96.0;36.0;19.0;1365.0;1516.0;150.0;236.0;90.0;89.0;2456.0;2871.0;56.0;93.0;13.0;13.0;2654.0;2773.0;7.0;0.0;0.0;0.0;0.0;0.0;0.0;425.0;139.0;121.0;6475.0;7160.0;213.0
2024;ANTIOQUIA;ZARAGOZA;5895.0;19.0;1.0;0.0;156.0;176.0;20.0;29.0;3.0;5.0;365.0;402.0;21.0;10.0;43.0;5.0;465.0;523.0;1.0;0.0;0.0;0.0;0.0;0.0;0.0;58.0;47.0;10.0;986.0;1101.0;42.0
2025;ANTIOQUIA;ABEJORRAL;5002.0;12.0;1.0;15.0;26.0;54.0;6.0;42.0;20.0;8.0;170.0;240.0;15.0;89.0;32.0;6.0;1023.0;1150.0;4.0;0.0;0.0;0.0;0.0;0.0;0.0;143.0;53.0;29.0;1219.0;1444.0;25.0
2025;ANTIOQUIA;ABRIAQUI;5004.0;8.0;2.0;0.0;50.0;60.0;4.0;8.0;0.0;3.0;74.0;85.0;10.0;0.0;0.0;0.0;0.0;0.0;0.0;0.0;0.0;0.0;0.0;0.0;0.0;16.0;2.0;3.0;124.0;145.0;14.0
2025;ANTIOQUIA;ALEJANDRIA;5021.0;3.0;0.0;0.0;0.0;3.0;1.0;8.0;0.0;0.0;80.0;88.0;8.0;0.0;0.0;0.0;0.0;0.0;0.0;0.0;0.0;0.0;0.0;0.0;0.0;11.0;0.0;0.0;80.0;91.0;9.0
2025;ANTIOQUIA;AMAGA;5030.0;5.0;3.0;0.0;52.0;60.0;5.0;53.0;18.0;3.0;509.0;583.0;25.0;280.0;41.0;15.0;8156.0;8492.0;13.0;680.0;201.0;20.0;20548.0;21449.0;5.0;1018.0;263.0;38.0;29265.0;30584.0;48.0
2025;ANTIOQUIA;AMALFI;5031.0;15.0;6.0;5.0;275.0;301.0;40.0;141.0;3.0;18.0;1645.0;1807.0;50.0;137.0;6.0;14.0;2625.0;2782.0;7.0;0.0;0.0;0.0;0.0;0.0;0.0;293.0;15.0;37.0;4545.0;4890.0;97.0
2025;ANTIOQUIA;ANDES;5034.0;0.0;2.0;0.0;0.0;2.0;1.0;28.0;6.0;0.0;218.0;252.0;8.0;311.0;4.0;8.0;4862.0;5185.0;5.0;550.0;98.0;27.0;12012.0;12687.0;5.0;889.0;110.0;35.0;17092.0;18126.0;19.0
2025;ANTIOQUIA;ANGELOPOLIS;5036.0;6.0;3.0;1.0;18.0;28.0;4.0;1.0;2.0;0.0;188.0;191.0;11.0;56.0;6.0;3.0;895.0;960.0;4.0;1763.0;5.0;36.0;40123.0;41927.0;2.0;1826.0;16.0;40.0;41224.0;43106.0;21.0
2025;ANTIOQUIA;ANGOSTURA;5038.0;6.0;1.0;0.0;83.0;90.0;14.0;5.0;1.0;0.0;181.0;187.0;7.0;25.0;8.0;3.0;986.0;1022.0;4.0;435.0;135.0;1.0;10102.0;10673.0;1.0;471.0;145.0;4.0;11352.0;11972.0;26.0
2025;ANTIOQUIA;ANORI;5040.0;90.0;25.0;36.0;1459.0;1610.0;293.0;140.0;23.0;14.0;1751.0;1928.0;36.0;31.0;3.0;1.0;500.0;535.0;2.0;0.0;0.0;0.0;0.0;0.0;0.0;261.0;51.0;51.0;3710.0;4073.0;331.0
2025;ANTIOQUIA;ANZA;5044.0;0.0;0.0;0.0;0.0;0.0;0.0;36.0;15.0;3.0;320.0;374.0;14.0;30.0;51.0;3.0;630.0;714.0;2.0;0.0;0.0;0.0;0.0;0.0;0.0;66.0;66.0;6.0;950.0;1088.0;16.0
2025;ANTIOQUIA;APARTADO;5045.0;138.0;26.0;47.0;4012.0;4223.0;467.0;360.0;35.0;52.0;3986.0;4433.0;122.0;180.0;15.0;16.0;3329.0;3540.0;8.0;0.0;0.0;0.0;0.0;0.0;0.0;678.0;76.0;115.0;11327.0;12196.0;597.0
2025;ANTIOQUIA;ARBOLETES;5051.0;316.0;97.0;58.0;2802.0;3273.0;495.0;186.0;16.0;40.0;1420.0;1662.0;36.0;17.0;0.0;1.0;340.0;358.0;1.0;0.0;0.0;0.0;0.0;0.0;0.0;519.0;113.0;99.0;4562.0;5293.0;532.0
2025;ANTIOQUIA;ARGELIA;5055.0;6.0;4.0;3.0;28.0;41.0;5.0;17.0;6.0;3.0;146.0;172.0;8.0;0.0;0.0;0.0;0.0;0.0;0.0;0.0;0.0;0.0;0.0;0.0;0.0;23.0;10.0;6.0;174.0;213.0;13.0
2025;ANTIOQUIA;ARMENIA;5059.0;2.0;0.0;0.0;1.0;3.0;1.0;4.0;0.0;1.0;36.0;41.0;3.0;56.0;26.0;3.0;1120.0;1205.0;2.0;325.0;95.0;24.0;6525.0;6969.0;5.0;387.0;121.0;28.0;7682.0;8218.0;11.0
2025;ANTIOQUIA;BARBOSA;5079.0;2.0;0.0;0.0;9.0;11.0;2.0;75.0;20.0;14.0;1235.0;1344.0;23.0;592.0;95.0;68.0;15256.0;16011.0;29.0;7895.0;2096.0;115.0;170324.0;180430.0;16.0;8564.0;2211.0;197.0;186824.0;197796.0;70.0
2025;ANTIOQUIA;BELLO;5088.0;8.0;3.0;9.0;13.0;33.0;4.0;19.0;15.0;9.0;852.0;895.0;13.0;985.0;100.0;46.0;21563.0;22694.0;27.0;2653.0;956.0;1325.0;55634.0;60568.0;7.0;3665.0;1074.0;1389.0;78062.0;84190.0;51.0
2025;ANTIOQUIA;BELMIRA;5086.0;16.0;5.0;12.0;9.0;42.0;6.0;7.0;3.0;18.0;389.0;417.0;6.0;4.0;3.0;11.0;980.0;998.0;3.0;680.0;90.0;19.0;25635.0;26424.0;2.0;707.0;101.0;60.0;27013.0;27881.0;17.0
2025;ANTIOQUIA;BETANIA;5091.0;13.0;25.0;4.0;57.0;99.0;10.0;6.0;16.0;0.0;124.0;146.0;6.0;36.0;22.0;0.0;706.0;764.0;1.0;825.0;246.0;29.0;13562.0;14662.0;2.0;880.0;309.0;33.0;14449.0;15671.0;19.0
2025;ANTIOQUIA;BETULIA;5093.0;38.0;2.0;8.0;34.0;82.0;11.0;25.0;3.0;15.0;89.0;132.0;8.0;19.0;28.0;8.0;221.0;276.0;2.0;269.0;42.0;18.0;49021.0;49350.0;1.0;351.0;75.0;49.0;49365.0;49840.0;22.0
2025;ANTIOQUIA;BRICEÑO;5107.0;16.0;0.0;5.0;84.0;105.0;12.0;75.0;2.0;6.0;562.0;645.0;10.0;6.0;1.0;0.0;51.0;58.0;1.0;0.0;0.0;0.0;0.0;0.0;0.0;97.0;3.0;11.0;697.0;808.0;23.0
2025;ANTIOQUIA;BURITICA;5113.0;8.0;2.0;4.0;19.0;33.0;5.0;25.0;5.0;8.0;164.0;202.0;5.0;59.0;6.0;9.0;1224.0;1298.0;3.0;0.0;0.0;0.0;0.0;0.0;0.0;92.0;13.0;21.0;1407.0;1533.0;13.0
2025;ANTIOQUIA;CACERES;5120.0;215.0;30.0;42.0;2365.0;2652.0;324.0;226.0;21.0;38.0;2090.0;2375.0;63.0;163.0;12.0;17.0;3965.0;4157.0;6.0;0.0;0.0;0.0;0.0;0.0;0.0;604.0;63.0;97.0;8420.0;9184.0;393.0
2025;ANTIOQUIA;CAICEDO;5125.0;8.0;6.0;2.0;28.0;44.0;8.0;22.0;9.0;3.0;160.0;194.0;8.0;24.0;2.0;3.0;260.0;289.0;1.0;0.0;0.0;0.0;0.0;0.0;0.0;54.0;17.0;8.0;448.0;527.0;17.0
2025;ANTIOQUIA;CALDAS;5129.0;1.0;0.0;2.0;0.0;3.0;1.0;23.0;3.0;2.0;256.0;284.0;15.0;312.0;46.0;15.0;7025.0;7398.0;10.0;3215.0;460.0;52.0;73256.0;76983.0;11.0;3551.0;509.0;71.0;80537.0;84668.0;37.0
2025;ANTIOQUIA;CAMPAMENTO;5134.0;25.0;12.0;3.0;215.0;255.0;31.0;31.0;7.0;9.0;236.0;283.0;8.0;19.0;2.0;6.0;285.0;312.0;1.0;0.0;0.0;0.0;0.0;0.0;0.0;75.0;21.0;18.0;736.0;850.0;40.0
2025;ANTIOQUIA;CARACOLI;5142.0;12.0;6.0;3.0;73.0;94.0;11.0;31.0;9.0;7.0;298.0;345.0;15.0;42.0;9.0;8.0;726.0;785.0;3.0;0.0;0.0;0.0;0.0;0.0;0.0;85.0;24.0;18.0;1097.0;1224.0;29.0
2025;ANTIOQUIA;CARAMANTA;5145.0;2.0;1.0;0.0;30.0;33.0;6.0;9.0;1.0;0.0;72.0;82.0;6.0;38.0;0.0;0.0;630.0;668.0;1.0;125.0;0.0;3.0;2298.0;2426.0;1.0;174.0;2.0;3.0;3030.0;3209.0;14.0
2025;ANTIOQUIA;CAREPA;5147.0;98.0;25.0;14.0;793.0;930.0;138.0;133.0;35.0;38.0;1235.0;1441.0;40.0;165.0;25.0;26.0;3012.0;3228.0;11.0;0.0;0.0;0.0;0.0;0.0;0.0;396.0;85.0;78.0;5040.0;5599.0;189.0
2025;ANTIOQUIA;CAROLINA;5150.0;1.0;0.0;0.0;16.0;17.0;3.0;1.0;2.0;0.0;85.0;88.0;18.0;29.0;5.0;0.0;582.0;616.0;2.0;562.0;51.0;9.0;18256.0;18878.0;3.0;593.0;58.0;9.0;18939.0;19599.0;26.0
2025;ANTIOQUIA;CAUCASIA;5154.0;165.0;67.0;39.0;1712.0;1983.0;223.0;289.0;63.0;20.0;2403.0;2775.0;87.0;160.0;14.0;24.0;3218.0;3416.0;10.0;0.0;0.0;0.0;0.0;0.0;0.0;614.0;144.0;83.0;7333.0;8174.0;320.0
2025;ANTIOQUIA;CAÑASGORDAS;5138.0;72.0;23.0;14.0;651.0;760.0;100.0;123.0;26.0;16.0;1236.0;1401.0;31.0;58.0;16.0;8.0;894.0;976.0;4.0;0.0;0.0;0.0;0.0;0.0;0.0;253.0;65.0;38.0;2781.0;3137.0;135.0
2025;ANTIOQUIA;CHIGORODO;5172.0;234.0;196.0;26.0;2209.0;2665.0;259.0;758.0;85.0;56.0;2998.0;3897.0;94.0;162.0;95.0;36.0;3856.0;4149.0;8.0;156.0;15.0;3.0;18359.0;18533.0;1.0;1310.0;391.0;121.0;27422.0;29244.0;362.0
2025;ANTIOQUIA;CISNEROS;5190.0;5.0;0.0;0.0;36.0;41.0;8.0;8.0;0.0;0.0;89.0;97.0;8.0;60.0;30.0;1.0;1309.0;1400.0;2.0;112.0;15.0;5.0;2256.0;2388.0;1.0;185.0;45.0;6.0;3690.0;3926.0;19.0
2025;ANTIOQUIA;CIUDAD BOLIVAR;5101.0;26.0;12.0;2.0;392.0;432.0;44.0;140.0;5.0;9.0;925.0;1079.0;28.0;95.0;36.0;16.0;2126.0;2273.0;6.0;1.0;3.0;0.0;0.0;4.0;1.0;262.0;56.0;27.0;3443.0;3788.0;79.0
2025;ANTIOQUIA;COCORNA;5197.0;39.0;16.0;16.0;326.0;397.0;47.0;146.0;24.0;32.0;1342.0;1544.0;50.0;72.0;5.0;3.0;656.0;736.0;3.0;109.0;8.0;6.0;2125.0;2248.0;1.0;366.0;53.0;57.0;4449.0;4925.0;101.0
2025;ANTIOQUIA;CONCEPCION;5206.0;4.0;2.0;1.0;53.0;60.0;8.0;30.0;4.0;6.0;189.0;229.0;4.0;0.0;0.0;0.0;0.0;0.0;0.0;0.0;0.0;0.0;0.0;0.0;0.0;34.0;6.0;7.0;242.0;289.0;12.0
2025;ANTIOQUIA;CONCORDIA;5209.0;0.0;0.0;0.0;0.0;0.0;0.0;0.0;0.0;0.0;80.0;80.0;12.0;201.0;35.0;16.0;3263.0;3515.0;3.0;3265.0;686.0;72.0;76542.0;80565.0;7.0;3466.0;721.0;88.0;79885.0;84160.0;22.0
2025;ANTIOQUIA;COPACABANA;5212.0;0.0;0.0;0.0;0.0;0.0;0.0;30.0;3.0;0.0;296.0;329.0;45.0;395.0;156.0;49.0;8023.0;8623.0;17.0;391.0;1012.0;9.0;10124.0;11536.0;3.0;816.0;1171.0;58.0;18443.0;20488.0;65.0
2025;ANTIOQUIA;DABEIBA;5234.0;9.0;2.0;2.0;38.0;51.0;9.0;24.0;4.0;6.0;158.0;192.0;60.0;24.0;0.0;3.0;268.0;295.0;1.0;0.0;0.0;0.0;0.0;0.0;0.0;57.0;6.0;11.0;464.0;538.0;70.0
2025;ANTIOQUIA;DONMATIAS;5237.0;8.0;78.0;12.0;6.0;104.0;11.0;60.0;6.0;4.0;1452.0;1522.0;57.0;289.0;94.0;32.0;15425.0;15840.0;45.0;7425.0;568.0;87.0;320245.0;328325.0;40.0;7782.0;746.0;135.0;337128.0;345791.0;153.0
2025;ANTIOQUIA;EBEJICO;5240.0;42.0;4.0;2.0;221.0;269.0;24.0;211.0;24.0;6.0;2654.0;2895.0;46.0;325.0;46.0;32.0;3921.0;4324.0;5.0;8154.0;1478.0;253.0;256127.0;266012.0;2.0;8732.0;1552.0;293.0;262923.0;273500.0;77.0
2025;ANTIOQUIA;EL BAGRE;5250.0;4.0;10.0;3.0;102.0;119.0;15.0;38.0;15.0;10.0;186.0;249.0;20.0;0.0;0.0;0.0;145.0;145.0;1.0;2019.0;36.0;6.0;2236.0;4297.0;1.0;2061.0;61.0;19.0;2669.0;4810.0;37.0
2025;ANTIOQUIA;EL CARMEN DE VIBORAL;5148.0;0.0;0.0;0.0;18.0;18.0;2.0;18.0;6.0;6.0;721.0;751.0;23.0;56.0;40.0;15.0;890.0;1001.0;2.0;0.0;0.0;0.0;0.0;0.0;0.0;74.0;46.0;21.0;1629.0;1770.0;27.0
2025;ANTIOQUIA;EL SANTUARIO;5697.0;6.0;0.0;2.0;62.0;70.0;8.0;36.0;3.0;9.0;346.0;394.0;6.0;86.0;6.0;8.0;892.0;992.0;2.0;856.0;96.0;12.0;18257.0;19221.0;4.0;984.0;105.0;31.0;19557.0;20677.0;20.0
2025;ANTIOQUIA;ENTRERRIOS;5264.0;0.0;691.0;645.0;118.0;1454.0;138.0;15.0;3.0;0.0;902.0;920.0;40.0;36.0;0.0;0.0;2452.0;2488.0;7.0;2480.0;190.0;49.0;68354.0;71073.0;9.0;2531.0;884.0;694.0;71826.0;75935.0;194.0
2025;ANTIOQUIA;ENVIGADO;5266.0;0.0;0.0;0.0;0.0;0.0;0.0;8.0;0.0;0.0;109.0;117.0;26.0;24.0;19.0;2.0;284.0;329.0;1.0;1253.0;235.0;16.0;96534.0;98038.0;2.0;1285.0;254.0;18.0;96927.0;98484.0;29.0
2025;ANTIOQUIA;FREDONIA;5282.0;14.0;1.0;0.0;86.0;101.0;15.0;63.0;18.0;12.0;698.0;791.0;38.0;370.0;48.0;32.0;7902.0;8352.0;15.0;1242.0;260.0;35.0;40925.0;42462.0;7.0;1689.0;327.0;79.0;49611.0;51706.0;75.0
2025;ANTIOQUIA;FRONTINO;5284.0;0.0;0.0;0.0;12.0;12.0;3.0;28.0;8.0;0.0;209.0;245.0;7.0;0.0;0.0;0.0;0.0;0.0;0.0;295.0;65.0;2.0;6652.0;7014.0;1.0;323.0;73.0;2.0;6873.0;7271.0;11.0
2025;ANTIOQUIA;GIRALDO;5306.0;4.0;0.0;0.0;71.0;75.0;11.0;41.0;1.0;12.0;265.0;319.0;6.0;0.0;0.0;0.0;0.0;0.0;0.0;0.0;0.0;0.0;0.0;0.0;0.0;45.0;1.0;12.0;336.0;394.0;17.0
2025;ANTIOQUIA;GIRARDOTA;5308.0;0.0;0.0;0.0;0.0;0.0;0.0;62.0;3.0;22.0;490.0;577.0;11.0;320.0;190.0;25.0;7956.0;8491.0;24.0;3964.0;506.0;45.0;57759.0;62274.0;8.0;4346.0;699.0;92.0;66205.0;71342.0;43.0
2025;ANTIOQUIA;GOMEZ PLATA;5310.0;9.0;0.0;45.0;121.0;175.0;12.0;2.0;0.0;36.0;372.0;410.0;8.0;36.0;29.0;6.0;1123.0;1194.0;2.0;1126.0;987.0;523.0;28654.0;31290.0;3.0;1173.0;1016.0;610.0;30270.0;33069.0;25.0
2025;ANTIOQUIA;GRANADA;5313.0;1.0;0.0;0.0;28.0;29.0;6.0;3.0;0.0;0.0;80.0;83.0;3.0;36.0;0.0;2.0;526.0;564.0;3.0;120.0;17.0;4.0;2425.0;2566.0;1.0;160.0;17.0;6.0;3059.0;3242.0;13.0
2025;ANTIOQUIA;GUADALUPE;5315.0;0.0;0.0;0.0;0.0;0.0;0.0;9.0;0.0;0.0;68.0;77.0;2.0;5.0;1.0;0.0;200.0;206.0;1.0;0.0;0.0;0.0;0.0;0.0;0.0;14.0;1.0;0.0;268.0;283.0;3.0
2025;ANTIOQUIA;GUARNE;5318.0;0.0;0.0;0.0;15.0;15.0;3.0;35.0;9.0;3.0;400.0;447.0;8.0;82.0;45.0;4.0;1431.0;1562.0;4.0;1470.0;225.0;41.0;46523.0;48259.0;11.0;1587.0;279.0;48.0;48369.0;50283.0;26.0
2025;ANTIOQUIA;GUATAPE;5321.0;0.0;0.0;0.0;0.0;0.0;0.0;0.0;0.0;0.0;56.0;56.0;4.0;69.0;12.0;9.0;2037.0;2127.0;1.0;0.0;0.0;0.0;0.0;0.0;0.0;69.0;12.0;9.0;2093.0;2183.0;5.0
2025;ANTIOQUIA;HELICONIA;5347.0;0.0;0.0;0.0;0.0;0.0;0.0;26.0;2.0;0.0;126.0;154.0;6.0;72.0;8.0;0.0;814.0;894.0;3.0;424.0;64.0;16.0;5124.0;5628.0;2.0;522.0;74.0;16.0;6064.0;6676.0;11.0
2025;ANTIOQUIA;HISPANIA;5353.0;4.0;7.0;0.0;10.0;21.0;4.0;6.0;0.0;0.0;26.0;32.0;1.0;38.0;0.0;0.0;615.0;653.0;1.0;236.0;20.0;9.0;3798.0;4063.0;1.0;284.0;27.0;9.0;4449.0;4769.0;7.0
2025;ANTIOQUIA;ITAGUI;5360.0;0.0;0.0;0.0;0.0;0.0;0.0;32.0;24.0;8.0;245.0;309.0;8.0;18.0;0.0;4.0;360.0;382.0;1.0;0.0;0.0;0.0;0.0;0.0;0.0;50.0;24.0;12.0;605.0;691.0;9.0
2025;ANTIOQUIA;ITUANGO;5361.0;0.0;0.0;0.0;23.0;23.0;5.0;34.0;0.0;3.0;194.0;231.0;7.0;41.0;12.0;3.0;820.0;876.0;3.0;0.0;0.0;0.0;0.0;0.0;0.0;75.0;12.0;6.0;1037.0;1130.0;15.0
2025;ANTIOQUIA;JARDIN;5364.0;0.0;0.0;0.0;10.0;10.0;2.0;63.0;41.0;16.0;475.0;595.0;11.0;57.0;24.0;6.0;1090.0;1177.0;3.0;0.0;0.0;0.0;0.0;0.0;0.0;120.0;65.0;22.0;1575.0;1782.0;16.0
2025;ANTIOQUIA;JERICO;5368.0;28.0;9.0;3.0;206.0;246.0;26.0;50.0;18.0;3.0;381.0;452.0;12.0;20.0;16.0;1.0;564.0;601.0;2.0;1589.0;281.0;37.0;35324.0;37231.0;3.0;1687.0;324.0;44.0;36475.0;38530.0;43.0
2025;ANTIOQUIA;LA CEJA;5376.0;0.0;0.0;0.0;0.0;0.0;0.0;0.0;0.0;0.0;75.0;75.0;8.0;80.0;42.0;15.0;1602.0;1739.0;2.0;895.0;62.0;19.0;16012.0;16988.0;2.0;975.0;104.0;34.0;17689.0;18802.0;12.0
2025;ANTIOQUIA;LA ESTRELLA;5380.0;0.0;0.0;0.0;0.0;0.0;0.0;10.0;0.0;0.0;86.0;96.0;11.0;58.0;1.0;6.0;1612.0;1677.0;3.0;0.0;0.0;0.0;0.0;0.0;0.0;68.0;1.0;6.0;1698.0;1773.0;14.0
2025;ANTIOQUIA;LA PINTADA;5390.0;26.0;2.0;0.0;387.0;415.0;57.0;35.0;12.0;0.0;332.0;379.0;15.0;0.0;0.0;0.0;41227.0;41227.0;10.0;0.0;0.0;0.0;0.0;0.0;0.0;61.0;14.0;0.0;41946.0;42021.0;82.0
2025;ANTIOQUIA;LA UNION;5400.0;0.0;0.0;0.0;15.0;15.0;3.0;0.0;0.0;0.0;95.0;95.0;8.0;0.0;0.0;0.0;0.0;0.0;0.0;93.0;19.0;6.0;1786.0;1904.0;1.0;93.0;19.0;6.0;1896.0;2014.0;12.0
2025;ANTIOQUIA;LIBORINA;5411.0;18.0;2.0;0.0;62.0;82.0;13.0;58.0;8.0;7.0;635.0;708.0;17.0;32.0;21.0;2.0;512.0;567.0;2.0;140.0;59.0;2.0;2813.0;3014.0;1.0;248.0;90.0;11.0;4022.0;4371.0;33.0
2025;ANTIOQUIA;MACEO;5425.0;44.0;21.0;12.0;232.0;309.0;26.0;82.0;35.0;1.0;509.0;627.0;15.0;120.0;32.0;21.0;2965.0;3138.0;4.0;432.0;32.0;9.0;6325.0;6798.0;1.0;678.0;120.0;43.0;10031.0;10872.0;46.0
2025;ANTIOQUIA;MARINILLA;5440.0;3.0;0.0;1.0;64.0;68.0;8.0;26.0;2.0;1.0;365.0;394.0;7.0;292.0;36.0;14.0;5716.0;6058.0;11.0;1210.0;208.0;18.0;60325.0;61761.0;6.0;1531.0;246.0;34.0;66470.0;68281.0;32.0
2025;ANTIOQUIA;MEDELLIN;5001.0;0.0;0.0;0.0;0.0;0.0;0.0;59.0;71.0;10.0;395.0;535.0;20.0;691.0;132.0;30.0;25125.0;25978.0;26.0;6906.0;878.0;90.0;352624.0;360498.0;24.0;7656.0;1081.0;130.0;378144.0;387011.0;70.0
2025;ANTIOQUIA;MONTEBELLO;5467.0;0.0;0.0;0.0;86.0;86.0;12.0;13.0;9.0;0.0;125.0;147.0;5.0;0.0;0.0;0.0;42635.0;42635.0;13.0;0.0;0.0;0.0;0.0;0.0;0.0;13.0;9.0;0.0;42846.0;42868.0;30.0
2025;ANTIOQUIA;MURINDO;5475.0;0.0;0.0;0.0;0.0;0.0;0.0;0.0;0.0;0.0;0.0;0.0;0.0;0.0;0.0;0.0;0.0;0.0;0.0;0.0;0.0;0.0;0.0;0.0;0.0;0.0;0.0;0.0;0.0;0.0;0.0
2025;ANTIOQUIA;MUTATA;5480.0;91.0;30.0;17.0;834.0;972.0;125.0;286.0;126.0;69.0;2836.0;3317.0;90.0;194.0;28.0;20.0;6859.0;7101.0;11.0;134.0;7.0;3.0;3657.0;3801.0;1.0;705.0;191.0;109.0;14186.0;15191.0;227.0
2025;ANTIOQUIA;NARIÑO;5483.0;3.0;0.0;4.0;14.0;21.0;5.0;8.0;2.0;3.0;62.0;75.0;5.0;16.0;9.0;2.0;235.0;262.0;1.0;0.0;0.0;0.0;0.0;0.0;0.0;27.0;11.0;9.0;311.0;358.0;11.0
2025;ANTIOQUIA;NECHI;5495.0;135.0;4.0;0.0;826.0;965.0;90.0;526.0;36.0;30.0;4763.0;5355.0;89.0;112.0;0.0;0.0;2135.0;2247.0;9.0;0.0;0.0;0.0;0.0;0.0;0.0;773.0;40.0;30.0;7724.0;8567.0;188.0
2025;ANTIOQUIA;NECOCLI;5490.0;1146.0;285.0;240.0;8312.0;9983.0;1134.0;636.0;119.0;163.0;8164.0;9082.0;161.0;180.0;56.0;30.0;3526.0;3792.0;11.0;134.0;4.0;1.0;2816.0;2955.0;1.0;2096.0;464.0;434.0;22818.0;25812.0;1307.0
2025;ANTIOQUIA;OLAYA;5501.0;0.0;0.0;0.0;0.0;0.0;0.0;3.0;1.0;0.0;18.0;22.0;1.0;0.0;0.0;0.0;0.0;0.0;0.0;0.0;0.0;0.0;0.0;0.0;0.0;3.0;1.0;0.0;18.0;22.0;1.0
2025;ANTIOQUIA;PEQUE;5543.0;8.0;0.0;0.0;79.0;87.0;13.0;26.0;1.0;1.0;231.0;259.0;8.0;96.0;3.0;8.0;1649.0;1756.0;4.0;0.0;0.0;0.0;0.0;0.0;0.0;130.0;4.0;9.0;1959.0;2102.0;25.0
2025;ANTIOQUIA;PEÑOL;5541.0;1.0;0.0;0.0;20.0;21.0;4.0;9.0;1.0;1.0;326.0;337.0;9.0;65.0;0.0;6.0;1427.0;1498.0;4.0;0.0;0.0;0.0;0.0;0.0;0.0;75.0;1.0;7.0;1773.0;1856.0;17.0
2025;ANTIOQUIA;PUEBLORRICO;5576.0;32.0;15.0;1.0;141.0;189.0;18.0;72.0;12.0;9.0;645.0;738.0;19.0;86.0;26.0;9.0;1516.0;1637.0;3.0;0.0;0.0;0.0;0.0;0.0;0.0;190.0;53.0;19.0;2302.0;2564.0;40.0
2025;ANTIOQUIA;PUERTO BERRIO;5579.0;10.0;16.0;0.0;146.0;172.0;22.0;102.0;49.0;26.0;912.0;1089.0;34.0;53.0;0.0;3.0;896.0;952.0;3.0;623.0;166.0;9.0;26352.0;27150.0;1.0;788.0;231.0;38.0;28306.0;29363.0;60.0
2025;ANTIOQUIA;PUERTO NARE;5585.0;86.0;18.0;16.0;967.0;1087.0;172.0;89.0;7.0;36.0;836.0;968.0;25.0;37.0;14.0;8.0;926.0;985.0;2.0;0.0;0.0;0.0;0.0;0.0;0.0;212.0;39.0;60.0;2729.0;3040.0;199.0
2025;ANTIOQUIA;PUERTO TRIUNFO;5591.0;55.0;16.0;0.0;496.0;567.0;101.0;35.0;20.0;9.0;321.0;385.0;11.0;0.0;0.0;0.0;0.0;0.0;0.0;0.0;0.0;0.0;0.0;0.0;0.0;90.0;36.0;9.0;817.0;952.0;112.0
2025;ANTIOQUIA;REMEDIOS;5604.0;63.0;19.0;15.0;697.0;794.0;103.0;132.0;43.0;28.0;1103.0;1306.0;35.0;212.0;8.0;20.0;3826.0;4066.0;9.0;0.0;0.0;0.0;0.0;0.0;0.0;407.0;70.0;63.0;5626.0;6166.0;147.0
2025;ANTIOQUIA;RETIRO;5607.0;0.0;0.0;0.0;0.0;0.0;0.0;0.0;0.0;0.0;28.0;28.0;2.0;52.0;1.0;12.0;836.0;901.0;2.0;736.0;49.0;62.0;16995.0;17842.0;3.0;788.0;50.0;74.0;17859.0;18771.0;7.0
2025;ANTIOQUIA;RIONEGRO;5615.0;0.0;0.0;0.0;30.0;30.0;4.0;11.0;0.0;0.0;145.0;156.0;8.0;196.0;46.0;36.0;4235.0;4513.0;7.0;1369.0;115.0;20.0;23562.0;25066.0;2.0;1576.0;161.0;56.0;27972.0;29765.0;21.0
2025;ANTIOQUIA;SABANALARGA;5628.0;0.0;0.0;0.0;10.0;10.0;2.0;26.0;0.0;4.0;213.0;243.0;12.0;0.0;0.0;0.0;0.0;0.0;0.0;0.0;0.0;0.0;0.0;0.0;0.0;26.0;0.0;4.0;223.0;253.0;14.0
2025;ANTIOQUIA;SABANETA;5631.0;0.0;0.0;0.0;0.0;0.0;0.0;0.0;0.0;0.0;57.0;57.0;5.0;0.0;0.0;0.0;0.0;0.0;0.0;0.0;0.0;0.0;0.0;0.0;0.0;0.0;0.0;0.0;57.0;57.0;5.0
2025;ANTIOQUIA;SALGAR;5642.0;39.0;17.0;0.0;318.0;374.0;45.0;68.0;9.0;1.0;816.0;894.0;30.0;32.0;0.0;3.0;658.0;693.0;3.0;452.0;54.0;3.0;15136.0;15645.0;3.0;591.0;80.0;7.0;16928.0;17606.0;81.0
2025;ANTIOQUIA;SAN ANDRES DE CUERQUIA;5647.0;6.0;0.0;0.0;30.0;36.0;6.0;0.0;0.0;0.0;84.0;84.0;5.0;65.0;0.0;0.0;1236.0;1301.0;3.0;0.0;0.0;0.0;0.0;0.0;0.0;71.0;0.0;0.0;1350.0;1421.0;14.0
2025;ANTIOQUIA;SAN CARLOS;5649.0;13.0;0.0;0.0;35.0;48.0;12.0;36.0;2.0;7.0;368.0;413.0;11.0;18.0;6.0;2.0;605.0;631.0;1.0;0.0;0.0;0.0;0.0;0.0;0.0;67.0;8.0;9.0;1008.0;1092.0;24.0
2025;ANTIOQUIA;SAN FRANCISCO;5652.0;26.0;6.0;1.0;245.0;278.0;29.0;56.0;13.0;25.0;490.0;584.0;15.0;32.0;0.0;11.0;426.0;469.0;1.0;0.0;0.0;0.0;0.0;0.0;0.0;114.0;19.0;37.0;1161.0;1331.0;45.0
2025;ANTIOQUIA;SAN JERONIMO;5656.0;0.0;0.0;0.0;0.0;0.0;0.0;6.0;0.0;0.0;50.0;56.0;2.0;0.0;0.0;0.0;165.0;165.0;1.0;0.0;0.0;0.0;0.0;0.0;0.0;6.0;0.0;0.0;215.0;221.0;3.0
2025;ANTIOQUIA;SAN JOSE DE LA MONTAÑA;5658.0;0.0;0.0;0.0;0.0;0.0;0.0;0.0;0.0;0.0;0.0;0.0;0.0;102.0;0.0;0.0;1632.0;1734.0;3.0;0.0;0.0;0.0;0.0;0.0;0.0;102.0;0.0;0.0;1632.0;1734.0;3.0
2025;ANTIOQUIA;SAN JUAN DE URABA;5659.0;312.0;96.0;58.0;2468.0;2934.0;364.0;297.0;41.0;65.0;2563.0;2966.0;64.0;52.0;29.0;14.0;963.0;1058.0;3.0;0.0;0.0;0.0;0.0;0.0;0.0;661.0;166.0;137.0;5994.0;6958.0;431.0
2025;ANTIOQUIA;SAN LUIS;5660.0;39.0;2.0;5.0;468.0;514.0;77.0;115.0;12.0;18.0;1133.0;1278.0;32.0;11.0;0.0;2.0;220.0;233.0;1.0;0.0;0.0;0.0;0.0;0.0;0.0;165.0;14.0;25.0;1821.0;2025.0;110.0
2025;ANTIOQUIA;SAN PEDRO DE LOS MILAGROS;5664.0;2.0;1.0;0.0;31.0;34.0;4.0;0.0;0.0;0.0;2115.0;2115.0;57.0;0.0;0.0;0.0;7025.0;7025.0;32.0;3952.0;532.0;43.0;112354.0;116881.0;19.0;3954.0;533.0;43.0;121525.0;126055.0;112.0
2025;ANTIOQUIA;SAN PEDRO DE URABA;5665.0;415.0;74.0;89.0;6234.0;6812.0;520.0;246.0;26.0;62.0;2385.0;2719.0;69.0;156.0;56.0;26.0;2852.0;3090.0;7.0;0.0;0.0;0.0;0.0;0.0;0.0;817.0;156.0;177.0;11471.0;12621.0;596.0
2025;ANTIOQUIA;SAN RAFAEL;5667.0;5.0;2.0;0.0;0.0;7.0;0.0;10.0;8.0;2.0;60.0;80.0;8.0;65.0;24.0;9.0;916.0;1014.0;2.0;0.0;0.0;0.0;0.0;0.0;0.0;80.0;34.0;11.0;976.0;1101.0;10.0
2025;ANTIOQUIA;SAN ROQUE;5670.0;36.0;15.0;0.0;369.0;420.0;40.0;236.0;46.0;36.0;2657.0;2975.0;58.0;219.0;68.0;42.0;4652.0;4981.0;9.0;1756.0;214.0;25.0;27235.0;29230.0;5.0;2247.0;343.0;103.0;34913.0;37606.0;112.0
2025;ANTIOQUIA;SAN VICENTE FERRER;5674.0;9.0;0.0;0.0;46.0;55.0;7.0;50.0;6.0;3.0;245.0;304.0;7.0;236.0;32.0;25.0;4825.0;5118.0;9.0;0.0;0.0;0.0;41056.0;41056.0;0.0;295.0;38.0;28.0;46172.0;46533.0;23.0
2025;ANTIOQUIA;SANTA BARBARA;5679.0;23.0;8.0;0.0;523.0;554.0;66.0;95.0;7.0;16.0;967.0;1085.0;23.0;294.0;52.0;39.0;4965.0;5350.0;11.0;1789.0;84.0;36.0;31625.0;33534.0;5.0;2201.0;151.0;91.0;38080.0;40523.0;105.0
2025;ANTIOQUIA;SANTAFE DE ANTIOQUIA;5042.0;0.0;0.0;0.0;0.0;0.0;0.0;8.0;0.0;0.0;22.0;30.0;2.0;0.0;0.0;0.0;140.0;140.0;1.0;0.0;0.0;0.0;0.0;0.0;0.0;8.0;0.0;0.0;162.0;170.0;3.0
2025;ANTIOQUIA;SANTA ROSA DE OSOS;5686.0;36.0;12.0;63.0;232.0;343.0;15.0;46.0;9.0;112.0;1546.0;1713.0;30.0;165.0;146.0;63.0;14695.0;15069.0;41.0;7568.0;825.0;298.0;312253.0;320944.0;32.0;7815.0;992.0;536.0;328726.0;338069.0;118.0
2025;ANTIOQUIA;SANTO DOMINGO;5690.0;32.0;23.0;0.0;72.0;127.0;7.0;62.0;9.0;23.0;325.0;419.0;6.0;526.0;121.0;112.0;15024.0;15783.0;15.0;6235.0;623.0;132.0;21564.0;28554.0;10.0;6855.0;776.0;267.0;36985.0;44883.0;38.0
2025;ANTIOQUIA;SEGOVIA;5736.0;69.0;23.0;14.0;426.0;532.0;62.0;96.0;56.0;36.0;1002.0;1190.0;26.0;26.0;9.0;3.0;291.0;329.0;1.0;0.0;0.0;0.0;0.0;0.0;0.0;191.0;88.0;53.0;1719.0;2051.0;89.0
2025;ANTIOQUIA;SONSON;5756.0;89.0;19.0;0.0;685.0;793.0;121.0;89.0;63.0;24.0;1005.0;1181.0;35.0;140.0;6.0;6.0;3658.0;3810.0;6.0;69.0;0.0;4.0;1365.0;1438.0;1.0;387.0;88.0;34.0;6713.0;7222.0;163.0
2025;ANTIOQUIA;SOPETRAN;5761.0;0.0;0.0;0.0;0.0;0.0;0.0;26.0;10.0;2.0;263.0;301.0;4.0;26.0;0.0;4.0;461.0;491.0;2.0;0.0;0.0;0.0;0.0;0.0;0.0;52.0;10.0;6.0;724.0;792.0;6.0
2025;ANTIOQUIA;TAMESIS;5789.0;85.0;20.0;2.0;714.0;821.0;98.0;72.0;5.0;0.0;841.0;918.0;26.0;44.0;3.0;1.0;880.0;928.0;2.0;2306.0;12.0;39.0;56328.0;58685.0;3.0;2507.0;40.0;42.0;58763.0;61352.0;129.0
2025;ANTIOQUIA;TARAZA;5790.0;61.0;13.0;20.0;736.0;830.0;107.0;156.0;45.0;32.0;1562.0;1795.0;45.0;65.0;0.0;2.0;2365.0;2432.0;2.0;0.0;0.0;0.0;0.0;0.0;0.0;282.0;58.0;54.0;4663.0;5057.0;154.0
2025;ANTIOQUIA;TARSO;5792.0;26.0;9.0;0.0;96.0;131.0;11.0;16.0;1.0;0.0;68.0;85.0;3.0;0.0;0.0;0.0;0.0;0.0;0.0;0.0;0.0;0.0;0.0;0.0;0.0;42.0;10.0;0.0;164.0;216.0;14.0
2025;ANTIOQUIA;TITIRIBI;5809.0;1.0;1.0;0.0;83.0;85.0;4.0;12.0;0.0;0.0;425.0;437.0;5.0;68.0;10.0;2.0;760.0;840.0;1.0;503.0;65.0;12.0;12036.0;12616.0;4.0;584.0;76.0;14.0;13304.0;13978.0;14.0
2025;ANTIOQUIA;TOLEDO;5819.0;9.0;0.0;0.0;78.0;87.0;5.0;18.0;0.0;0.0;235.0;253.0;5.0;0.0;0.0;0.0;0.0;0.0;0.0;0.0;0.0;0.0;0.0;0.0;0.0;27.0;0.0;0.0;313.0;340.0;10.0
2025;ANTIOQUIA;TURBO;5837.0;656.0;200.0;109.0;8236.0;9201.0;654.0;1234.0;225.0;196.0;10235.0;11890.0;281.0;563.0;39.0;56.0;12365.0;13023.0;33.0;196.0;0.0;6.0;4563.0;4765.0;1.0;2649.0;464.0;367.0;35399.0;38879.0;969.0
2025;ANTIOQUIA;URAMITA;5842.0;0.0;0.0;0.0;15.0;15.0;2.0;2.0;0.0;0.0;90.0;92.0;4.0;2.0;0.0;0.0;40.0;42.0;1.0;0.0;0.0;0.0;0.0;0.0;0.0;4.0;0.0;0.0;145.0;149.0;7.0
2025;ANTIOQUIA;URRAO;5847.0;12.0;0.0;0.0;201.0;213.0;27.0;44.0;4.0;4.0;656.0;708.0;20.0;515.0;4.0;20.0;10300.0;10839.0;15.0;578.0;121.0;10.0;13132.0;13841.0;6.0;1149.0;129.0;34.0;24289.0;25601.0;68.0
2025;ANTIOQUIA;VALDIVIA;5854.0;84.0;15.0;6.0;752.0;857.0;116.0;126.0;15.0;24.0;1239.0;1404.0;37.0;18.0;0.0;0.0;360.0;378.0;2.0;0.0;0.0;0.0;0.0;0.0;0.0;228.0;30.0;30.0;2351.0;2639.0;155.0
2025;ANTIOQUIA;VALPARAISO;5856.0;1.0;0.0;0.0;24.0;25.0;4.0;4.0;0.0;0.0;146.0;150.0;4.0;72.0;9.0;0.0;2921.0;3002.0;2.0;542.0;119.0;5.0;11872.0;12538.0;2.0;619.0;128.0;5.0;14963.0;15715.0;12.0
2025;ANTIOQUIA;VEGACHI;5858.0;12.0;7.0;3.0;138.0;160.0;19.0;52.0;36.0;11.0;536.0;635.0;13.0;39.0;5.0;4.0;930.0;978.0;4.0;0.0;0.0;0.0;0.0;0.0;0.0;103.0;48.0;18.0;1604.0;1773.0;36.0
2025;ANTIOQUIA;VENECIA;5861.0;0.0;0.0;0.0;0.0;0.0;0.0;0.0;0.0;0.0;25.0;25.0;2.0;27.0;0.0;1.0;540.0;568.0;1.0;0.0;0.0;0.0;0.0;0.0;0.0;27.0;0.0;1.0;565.0;593.0;3.0
2025;ANTIOQUIA;VIGIA DEL FUERTE;5873.0;0.0;0.0;0.0;0.0;0.0;0.0;0.0;0.0;0.0;0.0;0.0;0.0;0.0;0.0;0.0;0.0;0.0;0.0;0.0;0.0;0.0;0.0;0.0;0.0;0.0;0.0;0.0;0.0;0.0;0.0
2025;ANTIOQUIA;YALI;5885.0;12.0;9.0;0.0;46.0;67.0;3.0;21.0;0.0;12.0;125.0;158.0;4.0;320.0;96.0;24.0;3568.0;4008.0;2.0;0.0;0.0;0.0;0.0;0.0;0.0;353.0;105.0;36.0;3739.0;4233.0;9.0
2025;ANTIOQUIA;YARUMAL;5887.0;72.0;16.0;12.0;283.0;383.0;40.0;106.0;52.0;18.0;1272.0;1448.0;28.0;388.0;60.0;56.0;6257.0;6761.0;14.0;4752.0;853.0;102.0;88090.0;93797.0;7.0;5318.0;981.0;188.0;95902.0;102389.0;89.0
2025;ANTIOQUIA;YOLOMBO;5890.0;19.0;31.0;6.0;350.0;406.0;52.0;91.0;36.0;19.0;1661.0;1807.0;17.0;372.0;42.0;69.0;8659.0;9142.0;11.0;4865.0;2365.0;71.0;132564.0;139865.0;15.0;5347.0;2474.0;165.0;143234.0;151220.0;95.0
2025;ANTIOQUIA;YONDO;5893.0;96.0;36.0;19.0;1365.0;1516.0;150.0;236.0;90.0;89.0;2456.0;2871.0;56.0;93.0;13.0;13.0;2654.0;2773.0;7.0;0.0;0.0;0.0;0.0;0.0;0.0;425.0;139.0;121.0;6475.0;7160.0;213.0
2025;ANTIOQUIA;ZARAGOZA;5895.0;19.0;1.0;0.0;156.0;176.0;20.0;29.0;3.0;5.0;365.0;402.0;21.0;10.0;43.0;5.0;465.0;523.0;1.0;0.0;0.0;0.0;0.0;0.0;0.0;58.0;47.0;10.0;986.0;1101.0;42.0
